-- phpMyAdmin SQL Dump
-- version 4.2.12deb2+deb8u3
-- http://www.phpmyadmin.net
--
-- Servidor: localhost
-- Tiempo de generación: 08-12-2018 a las 04:36:21
-- Versión del servidor: 5.5.54-0+deb8u1
-- Versión de PHP: 5.6.38-0+deb8u1

SET SQL_MODE = "NO_AUTO_VALUE_ON_ZERO";
SET time_zone = "+00:00";


/*!40101 SET @OLD_CHARACTER_SET_CLIENT=@@CHARACTER_SET_CLIENT */;
/*!40101 SET @OLD_CHARACTER_SET_RESULTS=@@CHARACTER_SET_RESULTS */;
/*!40101 SET @OLD_COLLATION_CONNECTION=@@COLLATION_CONNECTION */;
/*!40101 SET NAMES utf8 */;

--
-- Base de datos: `setranza_appjc`
--
CREATE DATABASE IF NOT EXISTS `setranza_appjc` DEFAULT CHARACTER SET latin1 COLLATE latin1_swedish_ci;
USE `setranza_appjc`;

-- --------------------------------------------------------

--
-- Estructura de tabla para la tabla `ctl_arealab`
--

CREATE TABLE IF NOT EXISTS `ctl_arealab` (
`id` int(2) NOT NULL,
  `nombre` varchar(25) DEFAULT NULL,
  `activo` float DEFAULT NULL
) ENGINE=InnoDB AUTO_INCREMENT=10 DEFAULT CHARSET=latin1;

--
-- Volcado de datos para la tabla `ctl_arealab`
--

INSERT INTO `ctl_arealab` (`id`, `nombre`, `activo`) VALUES
(1, 'QUIMICA  SANGUINEA', 1),
(2, 'HEMATOLOGIA', 1),
(3, 'BACTERIOLOGIA', 1),
(4, 'HECES', 1),
(5, 'ORINA', 1),
(6, 'INMUNOLOGIA', 1),
(7, 'MARCADORES TUMORALES', 1),
(8, 'ENDOCRINOLOGIA', 1),
(9, 'OTROS ', 1);

-- --------------------------------------------------------

--
-- Estructura de tabla para la tabla `ctl_cargo`
--

CREATE TABLE IF NOT EXISTS `ctl_cargo` (
`id` int(2) NOT NULL,
  `nombre` varchar(30) NOT NULL,
  `activo` float DEFAULT NULL
) ENGINE=InnoDB AUTO_INCREMENT=5 DEFAULT CHARSET=latin1;

--
-- Volcado de datos para la tabla `ctl_cargo`
--

INSERT INTO `ctl_cargo` (`id`, `nombre`, `activo`) VALUES
(1, 'JEFE DE LABORATORIO', NULL),
(2, 'LABORATORISTA', NULL),
(3, 'SECRETARIA', NULL),
(4, '', NULL);

-- --------------------------------------------------------

--
-- Estructura de tabla para la tabla `ctl_catalogos`
--

CREATE TABLE IF NOT EXISTS `ctl_catalogos` (
`id` int(3) NOT NULL,
  `nombre` varchar(50) NOT NULL,
  `url_form` varchar(50) NOT NULL,
  `activo` float DEFAULT NULL
) ENGINE=InnoDB AUTO_INCREMENT=13 DEFAULT CHARSET=latin1;

--
-- Volcado de datos para la tabla `ctl_catalogos`
--

INSERT INTO `ctl_catalogos` (`id`, `nombre`, `url_form`, `activo`) VALUES
(1, 'Empresas', 'adminEmpresa.php', 0),
(2, 'Pacientes', 'adminPaciente.php', 0),
(3, 'Medicos', 'adminMedico.php', 1),
(4, 'Tipo empresa', 'adminTipoempresa.php', 0),
(5, 'Areas de laboratorio', 'adminArealab.php', 0),
(6, 'Lugar entrega de resultados', 'adminLugarentrega.php', 0),
(7, 'Zonas', 'adminZona.php', 0),
(8, 'Formato de salida en el reporte', 'adminFormatosalida.php', 0),
(9, 'Perfiles de pruebas', 'adminPerfil.php', 0),
(10, 'Cargo de usuarios', 'adminCargo.php', 1),
(11, 'Empleados', 'adminEmpleado.php', 1),
(12, 'Pruebas de laboratorio', 'adminPruebaslab.php', 1);

-- --------------------------------------------------------

--
-- Estructura de tabla para la tabla `ctl_condicionpago`
--

CREATE TABLE IF NOT EXISTS `ctl_condicionpago` (
`id` int(2) NOT NULL,
  `nombre` varchar(30) NOT NULL,
  `activo` float DEFAULT NULL
) ENGINE=InnoDB AUTO_INCREMENT=3 DEFAULT CHARSET=latin1;

--
-- Volcado de datos para la tabla `ctl_condicionpago`
--

INSERT INTO `ctl_condicionpago` (`id`, `nombre`, `activo`) VALUES
(1, 'Contado', 1),
(2, 'Credito', 1);

-- --------------------------------------------------------

--
-- Estructura de tabla para la tabla `ctl_departamento`
--

CREATE TABLE IF NOT EXISTS `ctl_departamento` (
`id` int(2) NOT NULL,
  `nombre` varchar(30) DEFAULT NULL
) ENGINE=InnoDB AUTO_INCREMENT=15 DEFAULT CHARSET=latin1;

--
-- Volcado de datos para la tabla `ctl_departamento`
--

INSERT INTO `ctl_departamento` (`id`, `nombre`) VALUES
(1, 'Ahuachapan '),
(2, 'Santa Ana '),
(3, 'Sonsonate '),
(4, 'Chalatenango '),
(5, 'La Libertad '),
(6, 'San Salvador '),
(7, 'Cuscatlan '),
(8, 'La Paz '),
(9, 'Caba'),
(10, 'San Vicente '),
(11, 'Usulutan '),
(12, 'San Miguel '),
(13, 'Morazan '),
(14, 'La Union ');

-- --------------------------------------------------------

--
-- Estructura de tabla para la tabla `ctl_elemento`
--

CREATE TABLE IF NOT EXISTS `ctl_elemento` (
`id` int(5) NOT NULL,
  `nombre` varchar(30) NOT NULL,
  `id_pruebaslab` int(4) NOT NULL,
  `id_sexo` int(1) DEFAULT NULL,
  `id_grupoedad` int(2) DEFAULT NULL,
  `min` varchar(8) DEFAULT NULL,
  `max` varchar(8) DEFAULT NULL,
  `unidades` varchar(20) DEFAULT NULL,
  `orden` int(3) DEFAULT NULL,
  `estitulo` float DEFAULT NULL,
  `activo` float NOT NULL
) ENGINE=InnoDB AUTO_INCREMENT=8 DEFAULT CHARSET=latin1;

--
-- Volcado de datos para la tabla `ctl_elemento`
--

INSERT INTO `ctl_elemento` (`id`, `nombre`, `id_pruebaslab`, `id_sexo`, `id_grupoedad`, `min`, `max`, `unidades`, `orden`, `estitulo`, `activo`) VALUES
(1, 'LINEA ROJA', 51, 0, 0, '', '', '', 1, 0, 1),
(2, 'GLUCOSA', 2, 0, 0, '25', '50', 'mg/dL', 1, 0, 1),
(3, 'GLUCO2', 2, 0, 0, '25', '50', 'mg/dL', 2, 0, 1),
(4, 'LIPIDOS TOTALES', 1, 0, 0, '50', '150', 'U', 1, 0, 1),
(5, 'BILIRRUBINA', 4, 0, 0, '25', '67', 'UM', 1, 0, 1),
(6, 'ACID URIC', 39, 0, 0, '26', '65', 'ML', 1, 0, 1),
(7, 'TRIGLICERIDOS', 3, 0, 0, '100', '255', 'UM', 1, 0, 1);

-- --------------------------------------------------------

--
-- Estructura de tabla para la tabla `ctl_empleado`
--

CREATE TABLE IF NOT EXISTS `ctl_empleado` (
`id` int(3) NOT NULL,
  `nombre` varchar(30) NOT NULL,
  `id_cargo` int(2) NOT NULL,
  `jvp` varchar(10) DEFAULT NULL,
  `activo` float DEFAULT NULL
) ENGINE=InnoDB AUTO_INCREMENT=4 DEFAULT CHARSET=latin1;

--
-- Volcado de datos para la tabla `ctl_empleado`
--

INSERT INTO `ctl_empleado` (`id`, `nombre`, `id_cargo`, `jvp`, `activo`) VALUES
(1, 'AMANDA PEREZ', 2, '101-14', NULL),
(2, 'AURA PEREZ', 1, '2565', NULL),
(3, 'MARIA', 3, '2123', NULL);

-- --------------------------------------------------------

--
-- Estructura de tabla para la tabla `ctl_empresa`
--

CREATE TABLE IF NOT EXISTS `ctl_empresa` (
`id` int(4) NOT NULL,
  `nombre` varchar(30) NOT NULL,
  `nombre_comercial` varchar(30) NOT NULL,
  `registro` varchar(25) DEFAULT NULL,
  `giro` varchar(30) NOT NULL,
  `nit` varchar(25) DEFAULT NULL,
  `telefono` varchar(10) DEFAULT NULL,
  `correo` varchar(50) DEFAULT NULL,
  `direccion` varchar(50) DEFAULT NULL,
  `id_municipio` int(2) DEFAULT NULL,
  `exento` float DEFAULT NULL,
  `id_zona` int(2) DEFAULT NULL,
  `id_tipoempresa` int(2) NOT NULL,
  `activo` float NOT NULL
) ENGINE=InnoDB AUTO_INCREMENT=3 DEFAULT CHARSET=latin1;

--
-- Volcado de datos para la tabla `ctl_empresa`
--

INSERT INTO `ctl_empresa` (`id`, `nombre`, `nombre_comercial`, `registro`, `giro`, `nit`, `telefono`, `correo`, `direccion`, `id_municipio`, `exento`, `id_zona`, `id_tipoempresa`, `activo`) VALUES
(1, 'ITESAL', '(ITESAL)', '', 'ELECTRIC', '5585223-96', '222222', '', 'COL. 10 DE SEPTIEMBRE S.S.', 262, 0, 1, 2, 1),
(2, 'SEXSA', 'SEXSA', '555555555669', 'TELAS', '55874236-9', '44442258', '', 'AMATEPEC', 5, 0, 1, 1, 1);

-- --------------------------------------------------------

--
-- Estructura de tabla para la tabla `ctl_estadofactura`
--

CREATE TABLE IF NOT EXISTS `ctl_estadofactura` (
`id` int(2) NOT NULL,
  `nombre` varchar(30) NOT NULL
) ENGINE=InnoDB DEFAULT CHARSET=latin1;

-- --------------------------------------------------------

--
-- Estructura de tabla para la tabla `ctl_estadosolicitud`
--

CREATE TABLE IF NOT EXISTS `ctl_estadosolicitud` (
`id` int(2) NOT NULL,
  `nombre` varchar(30) NOT NULL
) ENGINE=InnoDB AUTO_INCREMENT=4 DEFAULT CHARSET=latin1;

--
-- Volcado de datos para la tabla `ctl_estadosolicitud`
--

INSERT INTO `ctl_estadosolicitud` (`id`, `nombre`) VALUES
(1, 'Digitado'),
(2, 'En proceso'),
(3, 'Completo');

-- --------------------------------------------------------

--
-- Estructura de tabla para la tabla `ctl_formatosalida`
--

CREATE TABLE IF NOT EXISTS `ctl_formatosalida` (
`id` int(2) NOT NULL,
  `nombre` varchar(30) DEFAULT NULL
) ENGINE=InnoDB AUTO_INCREMENT=5 DEFAULT CHARSET=latin1;

--
-- Volcado de datos para la tabla `ctl_formatosalida`
--

INSERT INTO `ctl_formatosalida` (`id`, `nombre`) VALUES
(1, 'PLANTILLA A'),
(2, 'PLANTILLA B'),
(3, 'PLANTILLA C'),
(4, '');

-- --------------------------------------------------------

--
-- Estructura de tabla para la tabla `ctl_grupoedad`
--

CREATE TABLE IF NOT EXISTS `ctl_grupoedad` (
`id` int(2) NOT NULL,
  `nombre` varchar(30) NOT NULL
) ENGINE=InnoDB AUTO_INCREMENT=2 DEFAULT CHARSET=latin1;

--
-- Volcado de datos para la tabla `ctl_grupoedad`
--

INSERT INTO `ctl_grupoedad` (`id`, `nombre`) VALUES
(1, 'Menor 1 año');

-- --------------------------------------------------------

--
-- Estructura de tabla para la tabla `ctl_lugarentrega`
--

CREATE TABLE IF NOT EXISTS `ctl_lugarentrega` (
`id` int(2) NOT NULL,
  `nombre` varchar(30) NOT NULL,
  `activo` float DEFAULT NULL
) ENGINE=InnoDB AUTO_INCREMENT=3 DEFAULT CHARSET=latin1;

--
-- Volcado de datos para la tabla `ctl_lugarentrega`
--

INSERT INTO `ctl_lugarentrega` (`id`, `nombre`, `activo`) VALUES
(1, 'LABORATORIO', NULL),
(2, '', NULL);

-- --------------------------------------------------------

--
-- Estructura de tabla para la tabla `ctl_medico`
--

CREATE TABLE IF NOT EXISTS `ctl_medico` (
`id` int(4) NOT NULL,
  `nombre` varchar(30) NOT NULL,
  `jvp` varchar(10) DEFAULT NULL,
  `direccion` varchar(50) DEFAULT NULL,
  `activo` float DEFAULT NULL
) ENGINE=InnoDB AUTO_INCREMENT=2 DEFAULT CHARSET=latin1;

--
-- Volcado de datos para la tabla `ctl_medico`
--

INSERT INTO `ctl_medico` (`id`, `nombre`, `jvp`, `direccion`, `activo`) VALUES
(1, 'MARINA LOPEZ', '12345', 'ALAMEDA', NULL);

-- --------------------------------------------------------

--
-- Estructura de tabla para la tabla `ctl_municipio`
--

CREATE TABLE IF NOT EXISTS `ctl_municipio` (
`id` int(2) NOT NULL,
  `nombre` varchar(50) NOT NULL,
  `id_departamento` int(2) NOT NULL
) ENGINE=InnoDB AUTO_INCREMENT=263 DEFAULT CHARSET=latin1;

--
-- Volcado de datos para la tabla `ctl_municipio`
--

INSERT INTO `ctl_municipio` (`id`, `nombre`, `id_departamento`) VALUES
(1, 'AHUACHAPAN ', 1),
(2, 'APANECA ', 1),
(3, 'ATIQUIZAYA ', 1),
(4, 'CONCEPCION DE ATACO ', 1),
(5, 'EL REFUGIO ', 1),
(6, 'GUAYMANGO ', 1),
(7, 'JUJUTLA ', 1),
(8, 'SAN FRANCISCO MENENDEZ ', 1),
(9, 'SAN LORENZO ', 1),
(10, 'SAN PEDRO PUXTLA ', 1),
(11, 'TACUBA ', 1),
(12, 'TURIN ', 1),
(13, 'CANDELARIA DE LA FRONTERA ', 2),
(14, 'COATEPEQUE ', 2),
(15, 'CHALCHUAPA ', 2),
(16, 'EL CONGO ', 2),
(17, 'EL PORVENIR ', 2),
(18, 'MASAHUAT ', 2),
(19, 'METAPAN ', 2),
(20, 'SAN ANTONIO PAJONAL ', 2),
(21, 'SAN SEBASTIAN SALITRILLO ', 2),
(22, 'SANTA ANA ', 2),
(23, 'SANTA ROSA GUACHIPILIN ', 2),
(24, 'SANTIAGO DE LA FRONTERA ', 2),
(25, 'TEXISTEPEQUE ', 2),
(26, 'ACAJUTLA ', 3),
(27, 'ARMENIA ', 3),
(28, 'CALUCO ', 3),
(29, 'CUISNAHUAT ', 3),
(30, 'SANTA ISABEL ISHUATAN ', 3),
(31, 'IZALCO ', 3),
(32, 'JUAYUA ', 3),
(33, 'NAHUIZALCO ', 3),
(34, 'NAHUILINGO ', 3),
(35, 'SALCOATITAN ', 3),
(36, 'SAN ANTONIO DEL MONTE ', 3),
(37, 'SAN JULIAN ', 3),
(38, 'SANTA CATARINA MASAHUAT ', 3),
(39, 'SANTO DOMINGO DE GUZMAN ', 3),
(40, 'SONSONATE ', 3),
(41, 'SONZACATE ', 3),
(42, 'AGUA CALIENTE ', 4),
(43, 'ARCATAO ', 4),
(44, 'AZACUALPA ', 4),
(45, 'CITALA ', 4),
(46, 'COMALAPA ', 4),
(47, 'CONCEPCION QUEZALTEPEQUE ', 4),
(48, 'CHALATENANGO ', 4),
(49, 'DULCE NOMBRE DE MARIA ', 4),
(50, 'EL CARRIZAL ', 4),
(51, 'EL PARAISO ', 4),
(52, 'LA LAGUNA ', 4),
(53, 'LA PALMA ', 4),
(54, 'LA REINA ', 4),
(55, 'LAS VUELTAS ', 4),
(56, 'NOMBRE DE JESUS ', 4),
(57, 'NUEVA CONCEPCION ', 4),
(58, 'NUEVA TRINIDAD ', 4),
(59, 'OJOS DE AGUA ', 4),
(60, 'POTONICO ', 4),
(61, 'SAN ANTONIO DE LA CRUZ ', 4),
(62, 'SAN ANTONIO LOS RANCHOS ', 4),
(63, 'SAN FERNANDO ', 4),
(64, 'SAN FRANCISCO LEMPA ', 4),
(65, 'SAN FRANCISCO MORAZAN ', 4),
(66, 'SAN IGNACIO ', 4),
(67, 'SAN ISIDRO LABRADOR ', 4),
(68, 'SAN JOSE CANCASQUE ', 4),
(69, 'LAS FLORES ', 4),
(70, 'SAN LUIS DEL CARMEN ', 4),
(71, 'SAN MIGUEL DE MERCEDES ', 4),
(72, 'SAN RAFAEL ', 4),
(73, 'SANTA RITA ', 4),
(74, 'TEJUTLA ', 4),
(75, 'ANTIGUO CUSCATLAN ', 5),
(76, 'CIUDAD ARCE ', 5),
(77, 'COLON ', 5),
(78, 'COMASAGUA ', 5),
(79, 'CHILTIUPAN ', 5),
(80, 'HUIZUCAR ', 5),
(81, 'JAYAQUE ', 5),
(82, 'JICALAPA ', 5),
(83, 'PUERTO DE LA LIBERTAD ', 5),
(84, 'NUEVO CUSCATLAN ', 5),
(85, 'NUEVA SAN SALVADOR ', 5),
(86, 'QUEZALTEPEQUE ', 5),
(87, 'SACACOYO ', 5),
(88, 'SAN JOSE VILLANUEVA ', 5),
(89, 'SAN JUAN OPICO ', 5),
(90, 'SAN MATIAS ', 5),
(91, 'SAN PABLO TACACHICO ', 5),
(92, 'TAMANIQUE ', 5),
(93, 'TALNIQUE ', 5),
(94, 'TEOTEPEQUE ', 5),
(95, 'TEPECOYO ', 5),
(96, 'ZARAGOZA ', 5),
(97, 'AGUILARES ', 6),
(98, 'APOPA ', 6),
(99, 'AYUTUXTEPEQUE ', 6),
(100, 'CUSCATANCINGO ', 6),
(101, 'munold ', 0),
(102, 'GUAZAPA ', 6),
(103, 'ILOPANGO ', 6),
(104, 'MEJICANOS ', 6),
(105, 'NEJAPA ', 6),
(106, 'PANCHIMALCO ', 6),
(107, 'ROSARIO DE MORA ', 6),
(108, 'SAN MARCOS ', 6),
(109, 'SAN MARTIN ', 6),
(110, 'SAN SALVADOR ', 6),
(111, 'SANTIAGO TEXACUANGOS ', 6),
(112, 'SANTO TOMAS ', 6),
(113, 'SOYAPANGO ', 6),
(114, 'TONACATEPEQUE ', 6),
(115, 'DELGADO ', 6),
(116, 'CANDELARIA ', 7),
(117, 'COJUTEPEQUE ', 7),
(118, 'EL CARMEN ', 7),
(119, 'EL ROSARIO ', 7),
(120, 'MONTE SAN JUAN ', 7),
(121, 'ORATORIO DE CONCEPCION ', 7),
(122, 'SAN BARTOLOME PERULAPIA ', 7),
(123, 'SAN CRISTOBAL ', 7),
(124, 'SAN JOSE GUAYABAL ', 7),
(125, 'SAN PEDRO PERULAPAN ', 7),
(126, 'SAN RAFAEL CEDROS ', 7),
(127, 'SAN RAMON ', 7),
(128, 'SANTA CRUZ ANALQUITO ', 7),
(129, 'SANTA CRUZ MICHAPA ', 7),
(130, 'SUCHITOTO ', 7),
(131, 'TENANCINGO ', 7),
(132, 'CUYULTITAN ', 8),
(133, 'EL ROSARIO ', 8),
(134, 'JERUSALEN ', 8),
(135, 'MERCEDES DE LA CEIBA ', 8),
(136, 'OLOCUILTA ', 8),
(137, 'PARAISO DE OSORIO ', 8),
(138, 'SAN ANTONIO MASAHUAT ', 8),
(139, 'SAN EMIGDIO ', 8),
(140, 'SAN FRANCISCO CHINAMECA ', 8),
(141, 'SAN JUAN NONUALCO ', 8),
(142, 'SAN JUAN TALPA ', 8),
(143, 'SAN JUAN TEPEZONTES ', 8),
(144, 'SAN LUIS TALPA ', 8),
(145, 'SAN MIGUEL TEPEZONTES ', 8),
(146, 'SAN PEDRO MASAHUAT ', 8),
(147, 'SAN PEDRO NONUALCO ', 8),
(148, 'SAN RAFAEL OBRAJUELO ', 8),
(149, 'SANTA MARIA OSTUMA ', 8),
(150, 'SANTIAGO NONUALCO ', 8),
(151, 'TAPALHUACA ', 8),
(152, 'ZACATECOLUCA ', 8),
(153, 'SAN LUIS DE LA HERRADURA ', 8),
(154, 'CINQUERA ', 9),
(155, 'GUACOTECTI ', 9),
(156, 'ILOBASCO ', 9),
(157, 'JUTIAPA ', 9),
(158, 'SAN ISIDRO ', 9),
(159, 'SENSUNTEPEQUE ', 9),
(160, 'TEJUTEPEQUE ', 9),
(161, 'VICTORIA ', 9),
(162, 'DOLORES ', 9),
(163, 'APASTEPEQUE ', 10),
(164, 'GUADALUPE ', 10),
(165, 'SAN CAYETANO ISTEPEQUE ', 10),
(166, 'SANTA CLARA ', 10),
(167, 'SANTO DOMINGO ', 10),
(168, 'SAN ESTEBAN CATARINA ', 10),
(169, 'SAN ILDEFONSO ', 10),
(170, 'SAN LORENZO ', 10),
(171, 'SAN SEBASTIAN ', 10),
(172, 'SAN VICENTE ', 10),
(173, 'TECOLUCA ', 10),
(174, 'TEPETITAN ', 10),
(175, 'VERAPAZ ', 10),
(176, 'ALEGRIA ', 11),
(177, 'BERLIN ', 11),
(178, 'CALIFORNIA ', 11),
(179, 'CONCEPCION BATRES ', 11),
(180, 'EL TRIUNFO ', 11),
(181, 'EREGUAYQUIN ', 11),
(182, 'ESTANZUELAS ', 11),
(183, 'JIQUILISCO ', 11),
(184, 'JUCUAPA ', 11),
(185, 'JUCUARAN ', 11),
(186, 'MERCEDES UMANA ', 11),
(187, 'NUEVA GRANADA ', 11),
(188, 'OZATLAN ', 11),
(189, 'PUERTO EL TRIUNFO ', 11),
(190, 'SAN AGUSTIN ', 11),
(191, 'SAN BUENAVENTURA ', 11),
(192, 'SAN DIONISIO ', 11),
(193, 'SANTA ELENA ', 11),
(194, 'SAN FRANCISCO JAVIER ', 11),
(195, 'SANTA MARIA ', 11),
(196, 'SANTIAGO DE MARIA ', 11),
(197, 'TECAPAN ', 11),
(198, 'USULUTAN ', 11),
(199, 'CAROLINA ', 12),
(200, 'CIUDAD BARRIOS ', 12),
(201, 'munold ', 0),
(202, 'CHAPELTIQUE ', 12),
(203, 'CHINAMECA ', 12),
(204, 'CHIRILAGUA ', 12),
(205, 'EL TRANSITO ', 12),
(206, 'LOLOTIQUE ', 12),
(207, 'MONCAGUA ', 12),
(208, 'NUEVA GUADALUPE ', 12),
(209, 'NUEVO EDEN DE SAN JUAN ', 12),
(210, 'QUELEPA ', 12),
(211, 'SAN ANTONIO ', 12),
(212, 'SAN GERARDO ', 12),
(213, 'SAN JORGE ', 12),
(214, 'SAN LUIS DE LA REINA ', 12),
(215, 'SAN MIGUEL ', 12),
(216, 'SAN RAFAEL ORIENTE ', 12),
(217, 'SESORI ', 12),
(218, 'ULUAZAPA ', 12),
(219, 'ARAMBALA ', 13),
(220, 'CACAOPERA ', 13),
(221, 'CORINTO ', 13),
(222, 'CHILANGA ', 13),
(223, 'DELICIAS DE CONCEPCION ', 13),
(224, 'EL DIVISADERO ', 13),
(225, 'EL ROSARIO ', 13),
(226, 'GUALOCOCTI ', 13),
(227, 'GUATAJIAGUA ', 13),
(228, 'JOATECA ', 13),
(229, 'JOCOAITIQUE ', 13),
(230, 'JOCORO ', 13),
(231, 'LOLOTIQUILLO ', 13),
(232, 'MEANGUERA ', 13),
(233, 'OSICALA ', 13),
(234, 'PERQUIN ', 13),
(235, 'SAN CARLOS ', 13),
(236, 'SAN FERNANDO ', 13),
(237, 'SAN FRANCISCO GOTERA ', 13),
(238, 'SAN ISIDRO ', 13),
(239, 'SAN SIMON ', 13),
(240, 'SENSEMBRA ', 13),
(241, 'SOCIEDAD ', 13),
(242, 'TOROLA ', 13),
(243, 'YAMABAL ', 13),
(244, 'YOLOAIQUIN ', 13),
(245, 'ANAMOROS ', 14),
(246, 'BOLIVAR ', 14),
(247, 'CONCEPCION ORIENTE ', 14),
(248, 'CONCHAGUA ', 14),
(249, 'EL CARMEN ', 14),
(250, 'EL SAUCE ', 14),
(251, 'INTIPUCA ', 14),
(252, 'LA UNION ', 14),
(253, 'LISLIQUE ', 14),
(254, 'NUEVA ESPARTA ', 14),
(255, 'PASAQUINA ', 14),
(256, 'POLOROS ', 14),
(257, 'SAN ALEJO ', 14),
(258, 'SAN JOSE ', 14),
(259, 'SANTA ROSA DE LIMA ', 14),
(260, 'YAYANTIQUE ', 14),
(261, 'YUCUAIQUIN ', 14),
(262, 'MEANGUERA DEL GOLFO ', 14);

-- --------------------------------------------------------

--
-- Estructura de tabla para la tabla `ctl_perfil`
--

CREATE TABLE IF NOT EXISTS `ctl_perfil` (
`id` int(2) NOT NULL,
  `nombre` varchar(30) DEFAULT NULL,
  `activo` float DEFAULT NULL
) ENGINE=InnoDB AUTO_INCREMENT=4 DEFAULT CHARSET=latin1;

--
-- Volcado de datos para la tabla `ctl_perfil`
--

INSERT INTO `ctl_perfil` (`id`, `nombre`, `activo`) VALUES
(1, 'REUMATOIDEO', NULL),
(2, 'EMBARAZADA', NULL),
(3, '', NULL);

-- --------------------------------------------------------

--
-- Estructura de tabla para la tabla `ctl_procedencia`
--

CREATE TABLE IF NOT EXISTS `ctl_procedencia` (
`id` int(3) NOT NULL,
  `nombre` varchar(30) NOT NULL,
  `activo` float DEFAULT NULL
) ENGINE=InnoDB AUTO_INCREMENT=2 DEFAULT CHARSET=latin1;

--
-- Volcado de datos para la tabla `ctl_procedencia`
--

INSERT INTO `ctl_procedencia` (`id`, `nombre`, `activo`) VALUES
(1, 'LABORATORIO', 1);

-- --------------------------------------------------------

--
-- Estructura de tabla para la tabla `ctl_pruebaslab`
--

CREATE TABLE IF NOT EXISTS `ctl_pruebaslab` (
`id` int(4) NOT NULL,
  `codigo` varchar(5) NOT NULL,
  `nombre` varchar(50) NOT NULL,
  `comentario` tinytext,
  `tiempoentrega` varchar(25) DEFAULT NULL,
  `id_arealab` int(2) NOT NULL,
  `id_formatosalida` int(2) NOT NULL,
  `activo` float DEFAULT NULL
) ENGINE=InnoDB AUTO_INCREMENT=196 DEFAULT CHARSET=latin1;

--
-- Volcado de datos para la tabla `ctl_pruebaslab`
--

INSERT INTO `ctl_pruebaslab` (`id`, `codigo`, `nombre`, `comentario`, `tiempoentrega`, `id_arealab`, `id_formatosalida`, `activo`) VALUES
(1, 'LIP01', 'LIPIDOS TOTALES', 'SE NECESITA AYUNO', 'EL MISMO DIA.', 0, 1, 1),
(2, 'Q1', 'GLUCOSA EN AYUNAS', 'SE NECESITA AYUNO', 'EL MISMO DIA.', 1, 1, 1),
(3, 'Q10', 'TRIGLICERIDOS', 'SE NECESITA AYUNO', 'EL MISMO DIA.', 1, 1, 1),
(4, 'Q12', 'BILIRRUBINA', 'SE NECESITA AYUNO', 'EL MISMO DIA.', 1, 1, 1),
(5, 'Q14', 'SGOT (TRANAMINASA GLUTAMICA OXOLOACETICA)', 'SE NECESITA AYUNO DE PREFERENCIA.', 'EL MISMO DIA.', 1, 1, 1),
(6, 'Q15', 'SGPT (TRANSAMINASA GLUTAMICO PIRUVICA)', 'SE NECESITA AYUNO DE PREFERENCIA.', 'EL MISMO DIA.', 1, 1, 1),
(7, 'Q16', 'GAMMA GLUTAMIL TRANSPEPTIDASA (GGT)', 'SE NECESITA AYUNO.', 'EL MISMO DIA.', 1, 1, 1),
(8, 'Q17', 'FOSFATASA ALCALINA (FA)', 'SE NECESITA AYUNO DE PREFERENCIA.', 'EL MISMO DIA.', 1, 1, 1),
(9, 'Q18', 'AMILASA', 'SE NECESITA AYUNO.', 'EL MISMO DIA.', 1, 1, 1),
(10, 'Q19', 'LIPASA', 'SE NECESITA AYUNO.', 'EL MISMO DIA.', 1, 1, 1),
(11, 'Q2', 'GLUCOSA POST PANDRIAL', '2 HRS DESPUES DE HABER DESAYUNADO', 'EL MISMO DIA.', 1, 1, 1),
(12, 'Q20', 'PROTEINAS TOTALES', 'SE NECESITA AYUNO', 'EL MISMO DIA.', 1, 1, 1),
(13, 'Q21', 'ALBUMINA', 'SE NECESITA AYUNO', 'EL MISMO DIA.', 1, 1, 1),
(14, 'Q22', 'UREA', 'SE NECESITA AYUNO', 'EL MISMO DIA.', 1, 1, 1),
(15, 'Q23', 'NITROGENO UREICO', 'SE NECESITA AYUNO', 'EL MISMO DIA.', 1, 1, 1),
(16, 'Q24', 'CREATININA', 'SE NECESITA AYUNO', 'EL MISMO DIA.', 1, 1, 1),
(17, 'Q25', 'DEPURACION DE CREATININA EN ORINA DE 24 HORAS', 'ORINA DE 24 HORAS: DESCARTAR LA PRIMERA ORINA DE LA MAÑANA Y RECOLECTAR EN EL RECIPIENTE TODA LA ORINA DEL DIA Y NOCHE HASTA LA HORA QUE EMPEZO LA RECOLECCION MANTENER EN NEVERA.', 'EL MISMO DIA.', 1, 1, 1),
(18, 'Q25', 'DEPURACION DE CREATININA EN ORINA DE 24 HORAS', 'RECOLECCION DE ORINA DE 24 HRS. Y SEGUIR LAS INDICACIONES QUE SE LE PROPORCIONEN EN EL LABORATORIO.', 'EL MISMO DIA.', 1, 1, 1),
(19, 'Q26', 'FOSFATASA ACIDA', 'SE NECESITA AYUNO.', 'EL MISMO DIA.', 1, 1, 1),
(20, 'Q27', 'FOSFATASA ACIDA PROSTATICA (FAP)', 'SE NECESITA AYUNO.', 'EL MISMO DIA.', 1, 1, 1),
(21, 'Q28', 'ANALISIS CRISTALOGRAFICO (CALCULO RENAL)', 'SE PREFERIE EN AYUNAS', 'EN 2 DIAS', 1, 1, 1),
(22, 'Q29', 'L.D.H (DESHIDROGENASALACTICA)', 'SE NECESITA AYUNO.', 'EL MISMO DIA.', 1, 1, 1),
(23, 'Q3', 'HEMOGLOBINA GLUCOSILADA', 'SE NECESITA AYUNO', 'EL MISMO DIA.', 1, 1, 1),
(24, 'Q30', 'HIERRO SERICO', 'SE NECESITA AYUNO', 'EL MISMO DIA.', 1, 1, 1),
(25, 'Q31', 'HIERRO CAPACIDAD DE FIJACION', 'SE NECESITA AYUNO', 'EL MISMO DIA.', 1, 1, 1),
(26, 'Q34', 'C.P.K (CREATINA-FOSFOCINASA)', 'SE NECESITA AYUNO DE PREFERENCIA.', 'EL MISMO DIA.', 1, 1, 1),
(27, 'Q35', 'FOSFORO', 'SE NECESITA AYUNO', 'EL MISMO DIA.', 1, 1, 1),
(28, 'Q36', 'CALCIO', 'SE NECESITA AYUNO', 'EL MISMO DIA.', 1, 1, 1),
(29, 'Q37', 'SODIO', 'SE NECESITA AYUNO', 'EL MISMO DIA.', 1, 1, 1),
(30, 'Q38', 'POTASIO', 'SE NECESITA AYUNO', 'EL MISMO DIA.', 1, 1, 1),
(31, 'Q39', 'CLORO', 'SE NECESITA AYUNO', 'EL MISMO DIA.', 1, 1, 1),
(32, 'Q4', 'TOLERANCIA 2 HRS. POST 75GR DE DEXTROSA', 'SE NECESITA AYUNO', 'EL MISMO DIA.', 1, 1, 1),
(33, 'Q40', 'LITO', 'SE NECESITA AYUNO', 'EL MISMO DIA.', 1, 1, 1),
(34, 'Q43', 'MAGNESIO', 'SE NECESITA AYUNO', 'EL MISMO DIA.', 1, 1, 1),
(35, 'Q46', 'DOSIFICACION DE CARBAMAZEPINA (TEGRETOL)', 'SE PREFERIE EN AYUNAS', 'EN 2 DIAS', 1, 1, 1),
(36, 'Q47', 'DOSIFICACION DE ACIDO VALPORICO (DEPAKENA, VALPAKI', 'SE PREFIERE EN AYUNAS', 'EN 2 DIAS', 1, 1, 1),
(37, 'Q5', 'SODIO EN ORINA DE 24 HORAS', 'DESCARTAR LA PRIMERA ORINA DE LA MAÑANA Y RECOLECTAR EN EL RECIPIENTE TODA LA ORINA DEL DIA Y NOCHE HASTA LA HORA QUE EMPEZO LA RECOLECCION MANTENER EN LUGAR FRESCO ALEJADO DE LA LUZ DIRECTA Y EL CALOR', 'EL MISMO DIA.', 1, 1, 1),
(38, 'Q59', 'GLUCOSA 4 PM', 'SE NECESITA AYUNO', 'EL MISMO DIA.', 1, 1, 1),
(39, 'Q6', 'ACIDO URICO', 'SE NECESITA AYUNO', 'EL MISMO DIA.', 1, 1, 1),
(40, 'Q60', 'COLESTEROL DE MUY BAJA DENSIDAD  (VLDL)', 'SE NECESITA AYUNO DE 12 A 14 HRS. UNA CENA LIBRE DE GRASA.', 'EL MISMO DIA.', 1, 1, 1),
(41, 'Q63', 'TOLERANCIA A LA GLUCOSA 5 HRS', 'SE NECESITA AYUNO', 'EL MISMO DIA.', 1, 1, 1),
(42, 'Q65', 'TEST DE O´SULIVAN', 'SE NECESITA AYUNO', 'EL MISMO DIA.', 1, 1, 1),
(43, 'Q66', 'TOLERANCIA A LA GLUCOSA 3HRS', 'SE NECESITA AYUNO', 'EL MISMO DIA.', 1, 1, 1),
(44, 'Q7', 'COLESTEROL TOTAL', 'SE NECESITA AYUNO DE 12 A 14 HRS. UNA CENA LIBRE DE GRASA.', 'EL MISMO DIA.', 1, 1, 1),
(45, 'Q70', 'DOSIFICACION DE DILATIN (EPANIN, FENITOINA)', 'SE PREFIERE EN AYUNAS', 'EN 2 DIAS', 1, 1, 1),
(46, 'Q71', 'DOSIFICACION DE FENOBARBITAL', 'SE PREFIERE EN AYUNAS', 'EN 2 DIAS', 1, 1, 1),
(47, 'Q8', 'COLESTEROL DE ALTA DENSIDAD (HDL)', 'SE NECESITA AYUNO DE 12 A 14 HRS. UNA CENA LIBRE DE GRASA.', 'EL MISMO DIA.', 1, 1, 1),
(48, 'Q80', 'TOLERANCIA A LA GLUCOSA 4 HRS', 'SE NECESITA AYUNO', 'EL MISMO DIA.', 1, 1, 1),
(49, 'Q9', 'COLESTEROL DE BAJA DENSIDAD (LDL)', 'SE NECESITA AYUNO DE 12 A 14 HRS. UNA CENA LIBRE DE GRASA.', 'EL MISMO DIA.', 1, 1, 1),
(50, 'Q92', 'COLINESTERASA', 'SE NECESITA AYUNO.', 'EL MISMO DIA.', 1, 1, 1),
(51, 'S1', 'HEMOGRAMA', 'NO NECESITA PREPARACION ESPECIAL O AYUNO', 'EL MISMO DIA.', 2, 2, 1),
(52, 'S10', 'TIEMPO DE TROMBOPLASTINA PARCIAL', 'SE PREFIERE EN AYUNAS. TOMAR EN CUENTA QUE CIERTOS MEDICAMENTOS   Y ALIMENTOS PUEDEN CAMBIAR LOS RESULTADOS DEL EXAMEN', 'EL MISMO DIA', 2, 1, 1),
(53, 'S11', 'TIEMPO DE TROMBINA', 'SE PREFIERE EN AYUNAS. TOMAR EN CUENTA QUE CIERTOS MEDICAMENTOS   Y ALIMENTOS PUEDEN CAMBIAR LOS RESULTADOS DEL EXAMEN', 'EL MISMO DIA', 2, 1, 1),
(54, 'S12', 'FIBRINOGENO', 'SE PREFIERE EN AYUNAS. TOMAR EN CUENTA QUE CIERTOS MEDICAMENTOS   Y ALIMENTOS PUEDEN CAMBIAR LOS RESULTADOS DEL EXAMEN', 'EL MISMO DIA', 2, 1, 1),
(55, 'S13', 'GRUPO SANGUINEO Y RH (TIPEO SANGUINEO)', 'NO NECESITA PREPARACION ESPECIAL O AYUNO', 'EL MISMO DIA.', 2, 1, 1),
(56, 'S14', 'CELULAS LE (LUPUS ERITEMATOSO)', 'NO NECESITA PREPARACION ESPECIAL O AYUNO', '24 HORAS', 2, 1, 1),
(57, 'S15', 'ERITROSEDIMENTACION', 'NO NECESITA PREPARACION ESPECIAL O AYUNO', 'EL MISMO DIA.', 2, 1, 1),
(58, 'S16', 'CONTEO DE PLAQUETAS', 'NO NECESITA PREPARACION ESPECIAL O AYUNO', 'EL MISMO DIA.', 2, 1, 1),
(59, 'S17', 'RETICULOCITOS', 'NO NECESITA PREPARACION ESPECIAL O AYUNO', 'EL MISMO DIA.', 2, 1, 1),
(60, 'S18', 'CONTEO DE EOSINOFILOS DE SECRECION NASAL', 'NO NECESITA PREPARACION ESPECIAL O AYUNO', 'EL MISMO DIA.', 2, 1, 1),
(61, 'S19', 'RETRACCION DEL COAGULO', 'SE PREFIERE EN AYUNAS. TOMAR EN CUENTA QUE CIERTOS MEDICAMENTOS   Y ALIMENTOS PUEDEN CAMBIAR LOS RESULTADOS DEL EXAMEN', 'EL MISMO DIA', 2, 1, 1),
(62, 'S2', 'LEUCOGRAMA', 'NO NECESITA PREPARACION ESPECIAL O AYUNO', 'EL MISMO DIA.', 2, 1, 1),
(63, 'S23', 'PROTEINA C REACTIVA CUANTITATIVA', 'NO SE NECESITA AYUNO', 'EN 24 HORAS', 2, 1, 1),
(64, 'S24', 'CELULAS FALCIFORMES', 'NO NECESITA PREPARACION ESPECIAL O AYUNO', '24 HORAS', 2, 1, 1),
(65, 'S25', 'CONTEO DE EOSINOFILOS EN SANGRE', 'NO NECESITA PREPARACION ESPECIAL O AYUNO', 'EL MISMO DIA.', 2, 1, 1),
(66, 'S3', 'HEMATOCRITO Y HEMOGLOBINA', 'NO NECESITA PREPARACION ESPECIAL O AYUNO', 'EL MISMO DIA.', 2, 1, 1),
(67, 'S5', 'FROTIS DE SANGRE PERIFERICA', 'NO NECESITA PREPARACION ESPECIAL O AYUNO', 'EL MISMO DIA.', 2, 1, 1),
(68, 'S6', 'INVESTIGACION DE PLASMODIUM (GOTA GRUESA)', 'NO NECESITA PREPARACION ESPECIAL O AYUNO', 'EL MISMO DIA.', 2, 1, 1),
(69, 'S6', 'GOTA GRUESA PARA TRIPANOSOMA (CHAGAS)', 'NO SE NECESITA AYUNO', 'EL MISMO DIA.', 2, 1, 1),
(70, 'S7', 'TIEMPO DE SANGRAMIENTO', 'SE PREFIERE EN AYUNAS. TOMAR EN CUENTA QUE CIERTOS MEDICAMENTOS   Y ALIMENTOS PUEDEN CAMBIAR LOS RESULTADOS DEL EXAMEN.', 'EL MISMO DIA', 2, 1, 1),
(71, 'S8', 'TIEMPO DE COAGULACION', 'SE PREFIERE EN AYUNAS. TOMAR EN CUENTA QUE CIERTOS MEDICAMENTOS   Y ALIMENTOS PUEDEN CAMBIAR LOS RESULTADOS DEL EXAMEN', 'EL MISMO DIA', 2, 1, 1),
(72, 'S9', 'TIEMPO DE PROTOMBINA', 'SE PREFIERE EN AYUNAS. TOMAR EN CUENTA QUE CIERTOS MEDICAMENTOS   Y ALIMENTOS PUEDEN CAMBIAR LOS RESULTADOS DEL EXAMEN', 'EL MISMO DIA', 2, 1, 1),
(73, 'B1', 'DIRECTO ACIDO RESISTENTE (BASILOSCOPIA)', 'DE PREFERENCIA LA PRIMERA MUESTRA DE LA MAÑANA', 'EL MISMO DIA', 3, 1, 1),
(74, 'B11', 'CULTIVO BACTERIOLOGICO DE ESPUTO NO BAAR', 'DE PREFERENCIA LA PRIMERA MUESTRA DE LA MAÑANA', '4 A 5 DIAS', 3, 1, 1),
(75, 'B14', 'CULTIVO DE SECRECION OCULAR-OTICO (OJO)', 'NO SE NECESITA PREPACION ESPECIAL', '4 A 5 DIAS', 3, 1, 1),
(76, 'B17', 'CULTIVO DE SECRECION NAZAL', 'NO SE NECESITA PREPARCION ESPECIAL', '4 A 5 DIAS', 3, 1, 1),
(77, 'B2', 'UROCULTIVO (MUESTRA DE ORINA)', 'RECOGE EL CHORO MEDIO EN FRASCO ESTERIL Y EN NIÑOS USAR BOLSA RECOLECTORA ESTERIL', '3 A 4 DIAS', 3, 1, 1),
(78, 'B2', 'CULTIVO DE ORINA (UROCULTIVO)', 'LA MEJOR MUESTRA ES LA PRIEMRA ORINA DE LA MAÑANA, DESPUES DE UN ASEO GENITAL DESCARTAR LA PRIMERA PORCION DE ORINA Y RECOLECTAR DIRECTAMENTE EN EL RECIPIENTE ESTERIL.', '3 A 4 DIAS.', 3, 1, 1),
(79, 'B20', 'CULTIVO DE SEMEN', 'NO TENER NINGUNA ACTIVIDAD SEXUAL QUE PROVOQUE EYACULACION 24HRS ANTES DEL EXAMEN.', '4 A 5 DIAS', 3, 1, 1),
(80, 'B21', 'CULTIVO Y DIRECTO MICOLOGICO', 'NO TOMAR TRATAMIENTO NI APLICAR NINGUN UNGÜENTO MICOLOGICO.', '15 DIAS', 3, 1, 1),
(81, 'B23', 'CULTIVO DE SECRECION DE HERIDA OPERATORIA', 'NO SE NECESITA PREPARACION ESPECIAL', '4 A 5 DIAS', 3, 1, 1),
(82, 'B24', 'CULTIVO DE SECRECION FARINGEO', 'NO UTILICE ENJUAGUES BUCALES ANTISEPTICOS ANTES DEL EXAMEN', '4 A 5 DIAS', 3, 1, 1),
(83, 'B25', 'DIRECTO FROTIS FARINGEO (COLORACION DE GRAM)', 'NO UTILICE ENJUAGUES BUCALES ANTISEPTICOS ANTES DEL EXAMEN', 'EL MISMO DIA', 3, 1, 1),
(84, 'B26', 'CULTIVO MICOLOGICO (HONGO)', 'NO TOMAR TRATAMIENTO NI APLICAR NINGUN UNGÜENTO MICOLOGICO.', '15 DIAS', 3, 1, 1),
(85, 'B27', 'TITULO DE ANTICUERPO RH', 'NO SE NECESITA AYUNO', 'EL MISMO DIA.', 3, 1, 1),
(86, 'B3', 'COPROCULTIVO (MUESTRA DE HECES)', 'SE NECESITA UNA MUESTRA DE HECES RECIEN OBTENIDA', '4 A 5 DIAS', 3, 1, 1),
(87, 'B3', 'CULTIVO DE HECES (COPROCULTIVO)', 'SE DEBE LLEVAR AL LABORATONIO LO MAS PRONTO POSIBLE, SININCLUIR PAPEL HIGIENICO U ORINA.', '4 A 5DIAS', 3, 1, 1),
(88, 'B31', 'INVESTIGACION DE HONGO DIRECTO KOH', 'NO TOMAR TRATAMIENTO NI APLICAR NINGUN UNGÜENTO MICOLOGICO.', 'EL MISMO DIA', 3, 1, 1),
(89, 'B39', 'DIRECTO DE SECRECION VAJINAL', 'NO DEBE REALIZARSE DUCHAS VAJINALES INTERNAS NI APLICARSE CREMAS U OVULOS; TAMPOCO DEBE TENER RELACIONES SEXUALES 2 DIAS ANTES DEL EXAMEN NI ESTAR MENSTRUANDO.', 'EL MISMO DIA', 3, 1, 1),
(90, 'B4', 'ANTICUERPOS PARA HERPES IGM', 'NO SE NECESITA AYUNO', 'EN 24 HORAS', 3, 1, 1),
(91, 'B45', 'DIRECTO AL FRESCO DE SECRECION', 'NO SE NECESITA PREPARACION ESPECIAL', 'EL MISMO DIA', 3, 1, 1),
(92, 'B46', 'CULTIVO DE LIQUIDOS CORPORALES (LCR, SINOVIAL,   P', 'NO NECESITA PREPARACION ESPECIAL', '4 A 5 DIAS', 3, 1, 1),
(93, 'B47', 'CULTIVO DE SECRECION URETRAL (HOMBRE)', 'NO APLICAR MEDICAMENTOS COMO CREMAS, GEL LOCIONES Y NO DEBE TENER RELACONES SEXUALES EL DIA ANTERIOR', '4 A 5DIAS', 3, 1, 1),
(94, 'B48', 'DIRECTO DE SECRECION URETRAL (HOMBRE)', 'NO APLICAR MEDICAMENTOS COMO CREMAS, GEL LOCIONES Y NO DEBE TENER RELACONES SEXUALES EL DIA ANTERIOR', 'EL MISMO DIA', 3, 1, 1),
(95, 'B5', 'ANTICUERPOS PARA HERPES IGG', 'NO SE NECESITA AYUNO', 'EN 24 HORAS', 3, 1, 1),
(96, 'B7', 'COLORACION DE GRAM', 'NO NECESITA PREPARACION ESPECIAL', 'EL MISMO DIA', 3, 1, 1),
(97, 'B91', 'HEMOCULTIVO', 'NO NECESITA PREPARACION ESPECIAL', '72 HORAS 1ER REPORTE, Y  ', 3, 1, 1),
(98, 'B92', 'CULTIVO DE SECRECION VAJINAL', 'NO DEBE REALIZARSE DUCHAS VAJINALES INTERNAS NI APLICARSE CREMAS U OVULOS; TAMPOCO DEBE TENER RELACIONES SEXUALES 2 DIAS ANTES DEL EXAMEN NI ESTAR MENSTRUANDO.', '4 A 5 DIAS', 3, 1, 1),
(99, 'H1', 'EXAMEN GENERAL DE HECES', 'CUALQUIER DEPOSICION DEL DIA. NO SE DEBE MESCLAR PAPEL HIGIENICO U ORINA CON LA MUESTRA.', 'EL MISMO DIA.', 4, 1, 1),
(100, 'H10', 'AZUL DE METILENO (PAM)', 'CUALQUIER DEPOSICION DEL DIA. NO SE DEBE MESCLAR PAPEL HIGIENICO U ORINA CON LA MUESTRA.', 'EL MISMO DIA.', 4, 1, 1),
(101, 'H11', 'AC. PARA INVESTIGACION DE AMEBA', 'MUESTRA EN SANGRE.', '24 HORAS', 4, 1, 1),
(102, 'H2', 'SANGRE OCULTA', 'DIETA LIBRE DE CARNE ROJA, EMBUTIDO Y VERDURAS COMO REMOLACHA.', 'EL MISMO DIA.', 4, 1, 1),
(103, 'H22', 'INVESTIGACION DE AMIBAS', 'CUALQUIER DEPOSICION DEL DIA. NO SE DEBE MESCLAR PAPEL HIGIENICO U ORINA CON LA MUESTRA.', 'EL MISMO DIA.', 4, 1, 1),
(104, 'H25', 'CONTEO DE HUEVOS', 'CUALQUIER DEPOSICION DEL DIA. NO SE DEBE MESCLAR PAPEL HIGIENICO U ORINA CON LA MUESTRA.', 'EL MISMO DIA.', 4, 1, 1),
(105, 'H3', 'INVESTIGACION DE OXIUROS', 'SE REQUIERE TOMAR UNA MUSTRA MATUTINA ANTES DE LA PRIMERA EVACUACION DEL INTESTINO. EL PTE DEBERA PRESENTARSE AL LABORATORIO SIN BAÑARSE.', 'EL MISMO DIA.', 4, 1, 1),
(106, 'H5', 'INMUNOFLORESCENCIA PARA SALMONELLA', 'CUALQUIER DEPOSICION DEL DIA. NO SE DEBE MESCLAR PAPEL HIGIENICO U ORINA CON LA MUESTRA.', '24 HORAS', 4, 1, 1),
(107, 'H6', 'SUSTANCIA REDUCTORA', 'CUALQUIER DEPOSICION DEL DIA. NO SE DEBE MESCLAR PAPEL HIGIENICO U ORINA CON LA MUESTRA.', 'EL MISMO DIA.', 4, 1, 1),
(108, 'H7', 'GRASAS POR SUDAN', 'CUALQUIER DEPOSICION DEL DIA. NO SE DEBE MESCLAR PAPEL HIGIENICO U ORINA CON LA MUESTRA.', 'EL MISMO DIA.', 4, 1, 1),
(109, 'H8', 'PH', 'CUALQUIER DEPOSICION DEL DIA. NO SE DEBE MESCLAR PAPEL HIGIENICO U ORINA CON LA MUESTRA.', 'EL MISMO DIA.', 4, 1, 1),
(110, 'H9', 'ROTAVIRUS', 'CUALQUIER DEPOSICION DEL DIA. NO SE DEBE MESCLAR PAPEL HIGIENICO U ORINA CON LA MUESTRA.', 'EL MISMO DIA.', 4, 1, 1),
(111, 'O1', 'EXAMEN GENERAL DE ORINA', 'LA MEJOR MUESTRA ES LA PRIEMRA ORINA DE LA MAÑANA, DESPUES DE UN ASEO GENITAL DESCARTAR LA PRIMERA PORCION DE ORINA Y RECOLECTAR DIRECTAMENTE EN EL RECIPIENTE LA OTRA PORCION.', 'EL MISMO DIA.', 5, 1, 1),
(112, 'O11', 'PROTEINA EN ORINA DE 24 HORAS', 'ORINA DE 24 HORAS: DESCARTAR LA PRIMERA ORINA DE LA MAÑANA Y RECOLECTAR EN EL RECIPIENTE TODA LA ORINA DEL DIA Y NOCHE HASTA LA HORA QUE EMPEZO LA RECOLECCION MANTENER EN NEVERA.', 'EL MISMO DIA.', 5, 1, 1),
(113, 'O12', 'CREATININA EN ORINA DE 24 HORAS', 'DESCARTAR LA PRIMERA ORINA DE LA MAÑANA Y RECOLECTAR EN EL RECIPIENTE TODA LA ORINA DEL DIA Y NOCHE HASTA LA HORA QUE EMPEZO LA RECOLECCION MANTENER EN LUGAR FRESCO ALEJADO DE LA LUZ DIRECTA Y EL CALOR', 'EL MISMO DIA.', 5, 1, 1),
(114, 'O15', 'AMILASA EN ORINA DE 24 HORAS', 'DESCARTAR LA PRIMERA ORINA DE LA MAÑANA Y RECOLECTAR EN EL RECIPIENTE TODA LA ORINA DEL DIA Y NOCHE HASTA LA HORA QUE EMPEZO LA RECOLECCION MANTENER EN LUGAR FRESCO ALEJADO DE LA LUZ DIRECTA Y EL CALOR', 'EL MISMO DIA.', 5, 1, 1),
(115, 'O18', 'MICROALBUMINA EN ORINA AL AZAR', 'MUESTRA DE ORINA AL AZAR', 'EL MISMO DIA.', 5, 1, 1),
(116, 'O19', 'CLORO EN ORINA DE 24 HORAS', 'DESCARTAR LA PRIMERA ORINA DE LA MAÑANA Y RECOLECTAR EN EL RECIPIENTE TODA LA ORINA DEL DIA Y NOCHE HASTA LA HORA QUE EMPEZO LA RECOLECCION MANTENER EN LUGAR FRESCO ALEJADO DE LA LUZ DIRECTA Y EL CALOR', 'EL MISMO DIA.', 5, 1, 1),
(117, 'O20', 'CORTISOL EN ORINA DE 24 HORAS', 'DESCARTAR LA PRIMERA ORINA DE LA MAÑANA Y RECOLECTAR EN EL RECIPIENTE TODA LA ORINA DEL DIA Y NOCHE HASTA LA HORA QUE EMPEZO LA RECOLECCION MANTENER EN LUGAR FRESCO ALEJADO DE LA LUZ DIRECTA Y EL CALOR', 'EL MISMO DIA', 5, 1, 1),
(118, 'O24', 'OXALATOS EN ORINA DE 24 HORAS', 'DESCARTAR LA PRIMERA ORINA DE LA MAÑANA Y RECOLECTAR EN EL RECIPIENTE TODA LA ORINA DEL DIA Y NOCHE HASTA LA HORA QUE EMPEZO LA RECOLECCION MANTENER EN LUGAR FRESCO ALEJADO DE LA LUZ DIRECTA Y EL CALOR', 'EL MISMO DIA.', 5, 1, 1),
(119, 'O27', 'MICROALBUMINA EN ORINA DE 24 HORAS', 'DESCARTAR LA PRIMERA ORINA DE LA MAÑANA Y RECOLECTAR EN EL RECIPIENTE TODA LA ORINA DEL DIA Y NOCHE HASTA LA HORA QUE EMPEZO LA RECOLECCION MANTENER EN LUGAR FRESCO ALEJADO DE LA LUZ DIRECTA Y EL CALOR', 'EL MISMO DIA.', 5, 1, 1),
(120, 'O3', 'PRUEBA DE EMBARAZO DE ORINA', 'NO SE NECESITA INDICACION ESPECIAL.', 'EL MISMO DIA.', 5, 1, 1),
(121, 'O32', 'CONCENTRADO DE STRAUT', 'NO NECESITA PREPARACION ESPECIAL O AYUNO', 'EL MISMO DIA.', 5, 1, 1),
(122, 'O32', 'CONCENTRADO DE STROUNT (TRIPANOSOMA)', 'NO SE NECESITA AYUNO', 'ELMISMO DIA.', 5, 1, 1),
(123, 'O4', 'FOSFORO EN ORINA DE 24 HORAS', 'ORINA DE 24 HORAS: DESCARTAR LA PRIMERA ORINA DE LA MAÑANA Y RECOLECTAR EN EL RECIPIENTE TODA LA ORINA DEL DIA Y NOCHE HASTA LA HORA QUE EMPEZO LA RECOLECCION MANTENER EN NEVERA.', 'EL MISMO DIA.', 5, 1, 1),
(124, 'O5', 'POTASIO EN ORINA DE 24 HORAS', 'ORINA DE 24 HORAS: DESCARTAR LA PRIMERA ORINA DE LA MAÑANA Y RECOLECTAR EN EL RECIPIENTE TODA LA ORINA DEL DIA Y NOCHE HASTA LA HORA QUE EMPEZO LA RECOLECCION MANTENER EN NEVERA.', 'EL MISMO DIA.', 5, 1, 1),
(125, 'O50', 'ANTICUERPO IGM PARA CHAGAS (TRIPANOSOMIASIS)', 'NO SE NECESITA AYUNO', 'EL MISMO DIA.', 5, 1, 1),
(126, 'O61', 'C.K – MB (CREATINAQUINASA)', 'SE NECESITA AYUNO DE PREFERENCIA.', 'EL MISMO DIA.', 5, 1, 1),
(127, 'O7', 'CALCIO EN ORINA DE 24 HORAS', 'DESCARTAR LA PRIMERA ORINA DE LA MAÑANA Y RECOLECTAR EN EL RECIPIENTE TODA LA ORINA DEL DIA Y NOCHE HASTA LA HORA QUE EMPEZO LA RECOLECCION MANTENER EN LUGAR FRESCO ALEJADO DE LA LUZ DIRECTA Y EL CALOR', 'EL MISMO DIA.', 5, 1, 1),
(128, 'O8', 'ACIDO URICO EN ORINA DE 24 HORAS', 'DESCARTAR LA PRIMERA ORINA DE LA MAÑANA Y RECOLECTAR EN EL RECIPIENTE TODA LA ORINA DEL DIA Y NOCHE HASTA LA HORA QUE EMPEZO LA RECOLECCION MANTENER EN LUGAR FRESCO ALEJADO DE LA LUZ DIRECTA Y EL CALOR', 'EL MISMO DIA.', 5, 1, 1),
(129, 'I1', 'V.D.R.L (R.P.R)', 'NO SE NECESITA AYUNO', 'EN 24 HORAS.', 6, 1, 1),
(130, 'I10', 'MONOTEST O ANTICUERPOS HETEROGENEOS (POUL BUNEL)', 'NO SE NECESITA AYUNO', 'EL MISMO DIA.', 6, 1, 1),
(131, 'I100', 'AC. CHIKUNGUNYA IGM', '', '24 HORAS', 6, 1, 1),
(132, 'I11', 'COMPLEMENTO  C3', 'NO SE NECESITA AYUNO', 'EN 24 HORAS', 6, 1, 1),
(133, 'I12', 'COPLEMENTO C4', 'NO SE NECESITA AYUNO', 'EN 24 HORAS', 6, 1, 1),
(134, 'I14', 'CARDIOLIPINA IGM/IGG', 'NO SE NECESITA AYUNO', 'EN 24 HORAS', 6, 1, 1),
(135, 'I147', 'ANTICUERPO IGM PARA CITOMEGALOVIRUS', 'NO SE NECESITA AYUNO', 'EL MISMO DIA.', 6, 1, 1),
(136, 'I17', 'COOMBS DIRECTO', 'NO SE NECESITA AYUNO', 'EL MISMO DIA.', 6, 1, 1),
(137, 'I18', 'ANTICUERPOS ANTINUCLEARES (ANA)', 'NO SE NECESITA AYUNO', 'EN 24 HORAS', 6, 1, 1),
(138, 'I19', 'ANTICUERPO PARA RUBEOLA IGM', 'NO SE NECESITA AYUNO', 'EL MISMO DIA.', 6, 1, 1),
(139, 'I2', 'ANTIGENOS FEBRILES', 'NO SE NECESITA AYUNO', 'EL MISMO DIA.', 6, 1, 1),
(140, 'I20', 'ANTICUERPO IGG TOXOPLASMOSIS', 'NO SE NECESITA AYUNO', 'EL MISMO DIA.', 6, 1, 1),
(141, 'I21', 'TOXOPLASMA CON DIFERENCIACION DE ANTICUERPO', 'NO SE NECESITA AYUNO', 'EN 24 HORAS', 6, 1, 1),
(142, 'I22', 'ANTICUERPOS ANTI TIROGLOBULINICOS (ANTITIROIDEOS)', 'NO SE NECESITA AYUNO', 'EN 24 HORAS', 6, 1, 1),
(143, 'I23', 'H.I.V (VIRUS DE LA INMUNODEFICIENCIA HUMANA) SIDA', 'NO SE NECESITA AYUNO', 'EL MISMO DIA.', 6, 1, 1),
(144, 'I24', 'ANTICUERPOS ANTI MICROSOMALES    (TPO-   ANTIPEROX', 'NO SE NECESITA AYUNO', 'EN 24 HORAS', 6, 1, 1),
(145, 'I25', 'DETECCION DE ANTICUERPO IGM/IGG PARA DENGUE', 'NO SE NECESITA AYUNO', 'EL MISMO DIA.', 6, 1, 1),
(146, 'I27', 'ANTICUERPOS PARA HEPATITIS C (HCV)', 'NO SE NECESITA AYUNO', 'EL MISMO DIA.', 6, 1, 1),
(147, 'I3', 'ANTIESTREPTOLICINA “O” ASTO', 'NO SE NECESITA AYUNO', 'EL MISMO DIA.', 6, 1, 1),
(148, 'I30', 'ANTIGENO AUSTRALIANO (HBSAG ANTIGENENO DE LASUPERF', 'NO SE NECESITA AYUNO', 'EL MISMO DIA.', 6, 1, 1),
(149, 'I35', 'INMUNOGLOBULINA E (IGE)', 'NO SE NECESITA AYUNO', 'EN 24 HORAS', 6, 1, 1),
(150, 'I37', 'CHLAMYDIAS TRACHOMATIS EN SANGRE IGA', 'NO SE NECESITA AYUNO', 'EL MISMO DIA.', 6, 1, 1),
(151, 'I4', 'FTA-ABS ANTICUERPOS PARA TREPONEMA PALLIDUM (SIFIL', 'NO SE NECESITA AYUNO', 'EN 24 HORAS', 6, 1, 1),
(152, 'I40', 'HELICOBACTER PYLORI EN SANGRE IGG', 'NO SE NECESITA AYUNO', 'EL MISMO DIA.', 6, 1, 1),
(153, 'I45', 'ANTICUERPO IGG PARA CHAGAS (TRIPANOSOMIASIS)', 'NO SE NECESITA AYUNO', 'EL MISMO DIA.', 6, 1, 1),
(154, 'I5', 'LATEX R.A', 'NO SE NECESITA AYUNO', 'EL MISMO DIA.', 6, 1, 1),
(155, 'I52', 'ANTICUERPO IGM TOXOPLASMOSIS', 'NO SE NECESITA AYUNO', 'EL MISMO DIA.', 6, 1, 1),
(156, 'I6', 'LATEX R.A CUANTITATIVA', 'NO SE NECESITA AYUNO', 'EL MISMO DIA.', 6, 1, 1),
(157, 'I7', 'PROTEINA C REACTIVA', 'NO SE NECESITA AYUNO', 'EL MISMO DIA.', 6, 1, 1),
(158, 'I8', 'PROTEINA C REACTIVA CARDIACA', 'NO SE NECESITA AYUNO', 'EN 24 HORAS', 6, 1, 1),
(159, 'I80', 'INMUNOFLORESCENCIA INDIRECTA PARA CHAGAS (TRIPANOS', 'NO SE NECESITA AYUNO', 'EN 24 HORAS', 6, 1, 1),
(160, 'I81', 'ANTICUERPOS CITRULINADOS', 'NO SE NECESITA AYUNO', 'EN 24 HORAS', 6, 1, 1),
(161, 'I85', 'ANTICUERPOS ANTI MITOCONDRIALES (AMA)', 'NO SE NECESITA AYUNO', 'EN 24 HORAS', 6, 1, 1),
(162, 'I9', 'LATEX L.E', 'NO SE NECESITA AYUNO', 'EL MISMO DIA.', 6, 1, 1),
(163, 'M1', 'ANTIGENO PROSTATICO ESPECIFICO (PSA)', 'SE PREFIERE EN AYUNAS.', 'EL MISMO DIA.', 7, 1, 1),
(164, 'M2', 'ANTIGENO CARCIEMBRIOGENICO (CEA)', 'SE PREFIERE EN AYUNAS.', 'EL MISMO DIA.', 7, 1, 1),
(165, 'M5', 'ANTIGENO PROSTATICO ESPECIFICO LIBRE (PSAL)', 'SE PREFIERE EN AYUNAS.', 'EL MISMO DIA.', 7, 1, 1),
(166, 'E1', 'NIVELES SERICOS DE FERRITINA', '', '', 8, 1, 1),
(167, 'E10', 'CORTISOL PO ELIZA 4 PM', 'SE PREFIERE EN AYUNAS.', 'EL MISMO DIA.', 8, 1, 1),
(168, 'E13', 'T.S.H (HORMONA ESTIMULANTE DE TIROIDES', 'SE PREFIERE EN AYUNAS.', 'EL MISMO DIA.', 8, 1, 1),
(169, 'E15', 'PROLACTINA', 'SE PREFIERE EN AYUNAS.', 'EL MISMO DIA.', 8, 1, 1),
(170, 'E16', 'PROGESTERONA', 'SE PREFIERE EN AYUNAS.', 'EL MISMO DIA.', 8, 1, 1),
(171, 'E17', 'T.S.H. ULTRASNSITIVA', 'SE PREFIERE EN AYUNAS.', 'EL MISMO DIA.', 8, 1, 1),
(172, 'E18', 'T3 L (TRIYODOTIRONINA LIBRE)', 'SE PREFIERE EN AYUNAS.', 'EL MISMO DIA.', 8, 1, 1),
(173, 'E19', 'T4 L (TIROXINA LIBRE)', 'SE PREFIERE EN AYUNAS.', 'EL MISMO DIA.', 8, 1, 1),
(174, 'E2', 'ESTROGENOS EN ORINA DE 24 HORAS', 'DESCARTAR LA PRIMERA ORINA DE LA MAÑANA Y RECOLECTAR EN EL RECIPIENTE TODA LA ORINA DEL DIA Y NOCHE HASTA LA HORA QUE EMPEZO LA RECOLECCION MANTENER EN LUGAR FRESCO ALEJADO DE LA LUZ DIRECTA Y EL CALOR', 'EL MISMO DIA.', 8, 1, 1),
(175, 'E20', 'HORMONA DE CRECIMIENTO', 'SE PREFIERE EN AYUNAS.', 'EL MISMO DIA.', 8, 1, 1),
(176, 'E23', 'TESTOSTERONA TOTAL', 'SE PREFIERE EN AYUNAS.', 'EL MISMO DIA.', 8, 1, 1),
(177, 'E24', 'ESPERMOGRAMA', 'LLAMAR AL PROFECIONAL DE TURNO PARA DAR LAS INDICACIONES AL PACIENTE', '24 HORAS', 8, 1, 1),
(178, 'E28', 'HORMONA PARATIROIDEA (PTH)', 'SE PREFIERE EN AYUNAS.', 'EL MISMO DIA.', 8, 1, 1),
(179, 'E29', '17-ALFA-HIDROXIPROGESTERONA   (17OH-P)', 'SE PREFIERE EN AYUNAS.', 'EL MISMO DIA.', 8, 1, 1),
(180, 'E30', 'INSULINA', 'SE PREFIERE EN AYUNAS.', 'EL MISMO DIA.', 8, 1, 1),
(181, 'E31', 'CARDIOLIPINA IGG', 'NO SE NECESITA AYUNO', 'EN 24 HORAS', 8, 1, 1),
(182, 'E32', 'CARDIOLIPINA IGM', 'NO SE NECESITA AYUNO', 'EN 24 HORAS', 8, 1, 1),
(183, 'E43', 'ANTICUERPO IGM PARA HEPATITIS “A” (ANTICUERPOS ANT', 'NO SE NECESITA AYUNO', 'EL MISMO DIA', 8, 1, 1),
(184, 'E51', 'F.S.H (HORMONA FOLÍCULO ESTIMULANTE)', 'SE PREFIERE EN AYUNAS.', 'EL MISMO DIA.', 8, 1, 1),
(185, 'E52', 'L.H (HORMONA LUTEINIZANTE)', 'SE PREFIERE EN AYUNAS.', 'EL MISMO DIA.', 8, 1, 1),
(186, 'E55', 'T7 (INDICE DE TIROXINA LIBRE', 'SE PREFIERE EN AYUNAS.', 'EL MISMO DIA.', 8, 1, 1),
(187, 'E6', 'CORTISOL POR ELIZA 7AM', 'SE PREFIERE EN AYUNAS.', 'EL MISMO DIA.', 8, 1, 1),
(188, 'E8', 'ESTRADIOL', 'SE PREFIERE EN AYUNAS.', 'EL MISMO DIA.', 8, 1, 1),
(189, 'E9', 'PRUEBA DE EMBARAZO EN SANGRE (HCG)', 'SE PREFIERE EN AYUNAS.', 'EL MISMO DIA.', 8, 1, 1),
(190, 'Z12', 'TIROGLOBULINA', 'NO SE NECESITA AYUNO', 'EN 24 HORAS', 9, 1, 1),
(191, 'Z3', 'AC. ANTIFOSFOLIPIDOS', '', '', 9, 1, 1),
(192, 'Z42', 'HERPES CON DIFENCIACION DE ANTICUERPO', 'NO SE NECESITA AYUNO', 'EN 24 HORAS', 9, 1, 1),
(193, 'Z43', 'T4 T (TIROXINA TOTAL)', 'SE PREFIERE EN AYUNAS.', 'EL MISMO DIA.', 9, 1, 1),
(194, 'Z47', 'T3 T (TRIYODOTHYRONINA TOTAL)', 'SE PREFIERE EN AYUNAS.', 'EL MISMO DIA.', 9, 1, 1),
(195, 'Z8', 'HELICOBACTER PYLORI EN HECES', 'CUALQUIER DEPOSICION DEL DIA.', 'EL MISMO DIA.', 9, 1, 1);

-- --------------------------------------------------------

--
-- Estructura de tabla para la tabla `ctl_rol`
--

CREATE TABLE IF NOT EXISTS `ctl_rol` (
`id` int(2) NOT NULL,
  `nombre` varchar(30) NOT NULL,
  `activo` float DEFAULT NULL
) ENGINE=InnoDB AUTO_INCREMENT=5 DEFAULT CHARSET=latin1;

--
-- Volcado de datos para la tabla `ctl_rol`
--

INSERT INTO `ctl_rol` (`id`, `nombre`, `activo`) VALUES
(1, 'Digitador', 1),
(2, 'Analista', 1),
(3, 'Supervisor', 1),
(4, 'Administrador', 1);

-- --------------------------------------------------------

--
-- Estructura de tabla para la tabla `ctl_servicio`
--

CREATE TABLE IF NOT EXISTS `ctl_servicio` (
`id` int(3) NOT NULL,
  `nombre` varchar(30) NOT NULL,
  `id_procedencia` int(3) NOT NULL,
  `activo` float DEFAULT NULL
) ENGINE=InnoDB AUTO_INCREMENT=2 DEFAULT CHARSET=latin1;

--
-- Volcado de datos para la tabla `ctl_servicio`
--

INSERT INTO `ctl_servicio` (`id`, `nombre`, `id_procedencia`, `activo`) VALUES
(1, 'LABORATORIO', 1, 1);

-- --------------------------------------------------------

--
-- Estructura de tabla para la tabla `ctl_sexo`
--

CREATE TABLE IF NOT EXISTS `ctl_sexo` (
`id` int(1) NOT NULL,
  `nombre` varchar(10) NOT NULL
) ENGINE=InnoDB AUTO_INCREMENT=3 DEFAULT CHARSET=latin1;

--
-- Volcado de datos para la tabla `ctl_sexo`
--

INSERT INTO `ctl_sexo` (`id`, `nombre`) VALUES
(1, 'Masculino'),
(2, 'Femenino');

-- --------------------------------------------------------

--
-- Estructura de tabla para la tabla `ctl_tipocomprobante`
--

CREATE TABLE IF NOT EXISTS `ctl_tipocomprobante` (
`id` int(2) NOT NULL,
  `nombre` varchar(30) NOT NULL
) ENGINE=InnoDB AUTO_INCREMENT=3 DEFAULT CHARSET=latin1;

--
-- Volcado de datos para la tabla `ctl_tipocomprobante`
--

INSERT INTO `ctl_tipocomprobante` (`id`, `nombre`) VALUES
(1, 'Consumidor final'),
(2, 'Credito fiscal');

-- --------------------------------------------------------

--
-- Estructura de tabla para la tabla `ctl_tipoempresa`
--

CREATE TABLE IF NOT EXISTS `ctl_tipoempresa` (
`id` int(3) NOT NULL,
  `nombre` varchar(30) NOT NULL,
  `activo` float DEFAULT NULL
) ENGINE=InnoDB AUTO_INCREMENT=25 DEFAULT CHARSET=latin1;

--
-- Volcado de datos para la tabla `ctl_tipoempresa`
--

INSERT INTO `ctl_tipoempresa` (`id`, `nombre`, `activo`) VALUES
(1, 'PARTICULARES', 1),
(2, 'ASEGURADORA AGRICOLA COMERCIAL', 1),
(3, 'ASEGURADORA SUIZA SALVADOREÑA', 1),
(4, 'ASEGURADORA UNION Y DESARROLLO', 1),
(5, 'ASOCIACIONES P. VITO GUARATO', 1),
(6, 'BIENESTAR MAGISTERIAL', 1),
(7, 'CEPA ILOPANGO', 1),
(8, 'CLINICA ASISTENCIAL FAMILIA NA', 1),
(9, 'COMPANIAS DE ALUMBRADO ELECTRO', 1),
(10, 'COMPAÑIA ELECTRICA', 1),
(11, 'CORPORACION BONIMA', 1),
(12, 'EMPRESAS ASEGURADORAS', 1),
(13, 'ETESAL', 1),
(14, 'FERIA DE SALUD', 1),
(15, 'FON. DE PROTECCION DE LISIADOS', 1),
(16, 'GRUPO PAILL', 1),
(17, 'HOSPITAL BLOOM', 1),
(18, 'HOSPITAL ROSALES', 1),
(19, 'I N S R I', 1),
(20, 'LABORATORIOS', 1),
(21, 'PERFIL RUMATOIDE', 1),
(22, 'SERVICIOS Y ALIMENTOS S.A. DE ', 1),
(23, 'SISA VIDA, S.A', 1),
(24, '', NULL);

-- --------------------------------------------------------

--
-- Estructura de tabla para la tabla `ctl_tipomuestra`
--

CREATE TABLE IF NOT EXISTS `ctl_tipomuestra` (
  `id` int(4) NOT NULL,
  `nombre` varchar(30) NOT NULL,
  `activo` float DEFAULT NULL
) ENGINE=InnoDB DEFAULT CHARSET=latin1;

--
-- Volcado de datos para la tabla `ctl_tipomuestra`
--

INSERT INTO `ctl_tipomuestra` (`id`, `nombre`, `activo`) VALUES
(0, 'SANGRE', 1);

-- --------------------------------------------------------

--
-- Estructura de tabla para la tabla `ctl_usuario`
--

CREATE TABLE IF NOT EXISTS `ctl_usuario` (
`id` int(11) NOT NULL,
  `nombre` varchar(25) NOT NULL,
  `apellido` varchar(25) NOT NULL,
  `usuario_login` varchar(15) NOT NULL,
  `usuario_password` tinytext NOT NULL,
  `last_login_date` datetime DEFAULT NULL,
  `id_rol` int(2) NOT NULL,
  `estado` int(1) DEFAULT NULL
) ENGINE=InnoDB AUTO_INCREMENT=10 DEFAULT CHARSET=latin1;

--
-- Volcado de datos para la tabla `ctl_usuario`
--

INSERT INTO `ctl_usuario` (`id`, `nombre`, `apellido`, `usuario_login`, `usuario_password`, `last_login_date`, `id_rol`, `estado`) VALUES
(1, 'JULIO ADALBERTO', 'CASTILLO PEREZZ', 'admin', '202cb962ac59075b964b07152d234b70', NULL, 4, 1),
(4, 'AURA', 'PEREZ', 'aperez', '202cb962ac59075b964b07152d234b70', NULL, 1, 1),
(5, 'CARLOS', 'AREVALOS', 'carevalo', 'd41d8cd98f00b204e9800998ecf8427e', NULL, 1, NULL),
(6, 'JUAN', 'LOPEZ', 'jlopez', 'd41d8cd98f00b204e9800998ecf8427e', NULL, 1, NULL),
(7, 'MARIO', 'PEREZ', 'mperez', 'd41d8cd98f00b204e9800998ecf8427e', NULL, 1, NULL),
(8, 'JUAN', 'PEREZ', '122331', 'd41d8cd98f00b204e9800998ecf8427e', NULL, 2, NULL),
(9, '', '', '', 'd41d8cd98f00b204e9800998ecf8427e', NULL, 0, NULL);

-- --------------------------------------------------------

--
-- Estructura de tabla para la tabla `ctl_zona`
--

CREATE TABLE IF NOT EXISTS `ctl_zona` (
`id` int(2) NOT NULL,
  `nombre` varchar(30) NOT NULL,
  `activo` float DEFAULT NULL
) ENGINE=InnoDB AUTO_INCREMENT=4 DEFAULT CHARSET=latin1;

--
-- Volcado de datos para la tabla `ctl_zona`
--

INSERT INTO `ctl_zona` (`id`, `nombre`, `activo`) VALUES
(1, 'CENTRAL', NULL),
(2, 'ORIENTAL', NULL),
(3, 'METROPOLITANA', NULL);

-- --------------------------------------------------------

--
-- Estructura de tabla para la tabla `fac_detallefactura`
--

CREATE TABLE IF NOT EXISTS `fac_detallefactura` (
  `id` int(11) NOT NULL,
  `fac_factura` int(11) NOT NULL,
  `cantidad` int(5) NOT NULL,
  `descripcion` tinytext NOT NULL,
  `venta_nosujeta` decimal(8,2) NOT NULL,
  `venta_exenta` decimal(8,2) NOT NULL,
  `venta_gravada` decimal(8,2) NOT NULL
) ENGINE=InnoDB DEFAULT CHARSET=latin1;

-- --------------------------------------------------------

--
-- Estructura de tabla para la tabla `fac_factura`
--

CREATE TABLE IF NOT EXISTS `fac_factura` (
  `id` int(11) NOT NULL,
  `id_solicitud` int(11) DEFAULT NULL,
  `numero_comprobante` int(11) NOT NULL,
  `id_tipocomprobante` int(2) NOT NULL,
  `id_empresa` int(4) NOT NULL,
  `fecha_comprobante` datetime NOT NULL,
  `nombre` varchar(30) DEFAULT NULL,
  `direccion` varchar(50) DEFAULT NULL,
  `id_municipio` int(2) NOT NULL,
  `departamento` varchar(30) DEFAULT NULL,
  `nrc` varchar(30) DEFAULT NULL,
  `giro` varchar(30) DEFAULT NULL,
  `id_condicionpago` int(2) NOT NULL,
  `sumas` decimal(8,2) DEFAULT NULL,
  `iva_retenido` decimal(8,2) DEFAULT NULL,
  `sub_total` decimal(8,2) DEFAULT NULL,
  `venta_nosujeta` decimal(8,2) DEFAULT NULL,
  `venta_exenta` decimal(8,2) DEFAULT NULL,
  `venta_total` decimal(8,2) DEFAULT NULL,
  `descuento` int(2) DEFAULT NULL,
  `id_estadofactura` int(2) NOT NULL,
  `activo` float DEFAULT NULL,
  `date_add` datetime NOT NULL,
  `date_mod` datetime DEFAULT NULL,
  `user_add` int(11) NOT NULL,
  `user_mod` int(11) DEFAULT NULL
) ENGINE=InnoDB DEFAULT CHARSET=latin1;

-- --------------------------------------------------------

--
-- Estructura de tabla para la tabla `lab_detallesolicitud`
--

CREATE TABLE IF NOT EXISTS `lab_detallesolicitud` (
`id` int(11) NOT NULL,
  `id_solicitud` int(11) NOT NULL,
  `id_pruebaslab` int(4) NOT NULL,
  `precio` decimal(8,2) DEFAULT NULL,
  `id_estadosolicitud` int(2) NOT NULL,
  `id_tipomuestra` int(4) NOT NULL,
  `date_add` datetime NOT NULL,
  `date_mod` datetime DEFAULT NULL,
  `user_add` int(11) NOT NULL,
  `user_mod` int(11) DEFAULT NULL
) ENGINE=InnoDB AUTO_INCREMENT=2 DEFAULT CHARSET=latin1;

--
-- Volcado de datos para la tabla `lab_detallesolicitud`
--

INSERT INTO `lab_detallesolicitud` (`id`, `id_solicitud`, `id_pruebaslab`, `precio`, `id_estadosolicitud`, `id_tipomuestra`, `date_add`, `date_mod`, `user_add`, `user_mod`) VALUES
(1, 1, 1, 7.05, 1, 0, '2018-09-17 16:24:40', '2018-09-17 16:30:02', 1, 1);

-- --------------------------------------------------------

--
-- Estructura de tabla para la tabla `lab_resultado`
--

CREATE TABLE IF NOT EXISTS `lab_resultado` (
`id` int(11) NOT NULL,
  `id_detallesolicitud` int(11) NOT NULL,
  `fecha_resultado` datetime NOT NULL,
  `id_elemento` int(5) NOT NULL,
  `resultado` tinytext NOT NULL,
  `intervalo` varchar(15) DEFAULT NULL,
  `unidades` varchar(10) NOT NULL,
  `date_add` datetime NOT NULL,
  `date_mod` datetime DEFAULT NULL,
  `user_add` int(11) NOT NULL,
  `user_mod` int(11) DEFAULT NULL
) ENGINE=InnoDB AUTO_INCREMENT=6 DEFAULT CHARSET=latin1;

--
-- Volcado de datos para la tabla `lab_resultado`
--

INSERT INTO `lab_resultado` (`id`, `id_detallesolicitud`, `fecha_resultado`, `id_elemento`, `resultado`, `intervalo`, `unidades`, `date_add`, `date_mod`, `user_add`, `user_mod`) VALUES
(1, 1, '2018-08-03 16:58:13', 4, '75', '50-150', 'U', '2018-08-03 16:58:13', NULL, 1, NULL),
(2, 2, '2018-08-03 16:58:45', 2, '45', '25-50', 'mg/dL', '2018-08-03 16:58:45', NULL, 1, NULL),
(3, 2, '2018-08-03 16:58:45', 3, '65', '25-50', 'mg/dL', '2018-08-03 16:58:45', NULL, 1, NULL),
(4, 4, '2018-08-03 16:59:26', 7, '125', '100-255', 'UM', '2018-08-03 16:59:26', NULL, 1, NULL),
(5, 3, '2018-08-03 17:00:20', 5, '56', '25-67', 'UM', '2018-08-03 17:00:20', NULL, 1, NULL);

-- --------------------------------------------------------

--
-- Estructura de tabla para la tabla `lab_solicitud`
--

CREATE TABLE IF NOT EXISTS `lab_solicitud` (
`id` int(11) NOT NULL,
  `fecha_solicitud` datetime NOT NULL,
  `id_paciente` int(10) NOT NULL,
  `id_empresa` int(4) NOT NULL,
  `id_medico` int(4) NOT NULL,
  `id_lugarentrega` int(2) NOT NULL,
  `id_estadosolicitud` int(2) NOT NULL,
  `id_servicio` int(3) DEFAULT NULL,
  `sumas` decimal(8,2) DEFAULT NULL,
  `descuento` int(2) DEFAULT NULL,
  `total` decimal(8,2) DEFAULT NULL,
  `date_add` datetime NOT NULL,
  `date_mod` datetime DEFAULT NULL,
  `user_add` int(11) NOT NULL,
  `user_mod` int(11) DEFAULT NULL
) ENGINE=InnoDB AUTO_INCREMENT=2 DEFAULT CHARSET=latin1;

--
-- Volcado de datos para la tabla `lab_solicitud`
--

INSERT INTO `lab_solicitud` (`id`, `fecha_solicitud`, `id_paciente`, `id_empresa`, `id_medico`, `id_lugarentrega`, `id_estadosolicitud`, `id_servicio`, `sumas`, `descuento`, `total`, `date_add`, `date_mod`, `user_add`, `user_mod`) VALUES
(1, '0000-00-00 00:00:00', 1, 2, 1, 1, 1, 1, 7.05, 10, 6.34, '2018-09-17 16:24:40', NULL, 1, NULL);

-- --------------------------------------------------------

--
-- Estructura de tabla para la tabla `menuc`
--

CREATE TABLE IF NOT EXISTS `menuc` (
  `id_mc` int(2) NOT NULL,
  `id_mt` int(2) DEFAULT NULL,
  `ordenc` int(2) DEFAULT NULL,
  `menuc` varchar(100) DEFAULT NULL,
  `url` varchar(100) DEFAULT NULL,
  `estado` varchar(1) DEFAULT NULL,
  `readonly` int(1) DEFAULT NULL,
  `readwrite` int(1) DEFAULT NULL
) ENGINE=MyISAM DEFAULT CHARSET=latin1;

-- --------------------------------------------------------

--
-- Estructura de tabla para la tabla `menup`
--

CREATE TABLE IF NOT EXISTS `menup` (
`id_mp` int(2) NOT NULL,
  `orden` int(2) DEFAULT NULL,
  `menup` varchar(100) DEFAULT NULL,
  `url_mp` varchar(100) DEFAULT NULL,
  `tbrol_id` int(1) DEFAULT NULL,
  `estado` varchar(1) DEFAULT NULL,
  `readonly` int(1) DEFAULT NULL,
  `readwrite` int(1) DEFAULT NULL,
  `tbsistema_id` int(2) DEFAULT NULL
) ENGINE=MyISAM AUTO_INCREMENT=7 DEFAULT CHARSET=latin1;

--
-- Volcado de datos para la tabla `menup`
--

INSERT INTO `menup` (`id_mp`, `orden`, `menup`, `url_mp`, `tbrol_id`, `estado`, `readonly`, `readwrite`, `tbsistema_id`) VALUES
(1, 75, 'Mantenimiento', NULL, 4, 'A', NULL, NULL, 1),
(2, 100, 'Salir', 'index.php?salir=1', 1, 'A', NULL, NULL, 1),
(3, 1, 'Home', 'index.php', NULL, 'A', 1, 1, 1),
(4, 25, 'Lab', NULL, NULL, 'A', NULL, NULL, 1),
(5, 50, 'Fac', NULL, 1, 'A', 1, 1, 1),
(6, 85, 'Ayuda', NULL, 1, 'A', 1, 1, 1);

-- --------------------------------------------------------

--
-- Estructura de tabla para la tabla `menus`
--

CREATE TABLE IF NOT EXISTS `menus` (
`id_ms` int(2) NOT NULL,
  `id_mp` int(2) DEFAULT NULL,
  `ordens` int(2) DEFAULT NULL,
  `menus` varchar(100) DEFAULT NULL,
  `urls` varchar(100) DEFAULT NULL,
  `estado` varchar(1) DEFAULT NULL,
  `readonly` int(1) DEFAULT NULL,
  `readwrite` int(1) DEFAULT NULL
) ENGINE=MyISAM AUTO_INCREMENT=10 DEFAULT CHARSET=latin1;

--
-- Volcado de datos para la tabla `menus`
--

INSERT INTO `menus` (`id_ms`, `id_mp`, `ordens`, `menus`, `urls`, `estado`, `readonly`, `readwrite`) VALUES
(1, 1, 1, 'Catalogos', 'catalogos.php', 'A', NULL, NULL),
(2, 1, 10, 'Listas de Precios', 'mntPrecios.php', 'A', 1, 1),
(3, 4, 5, 'Solicitud', 'labSolicitud.php', 'A', NULL, NULL),
(4, 1, 20, 'Usuarios', 'adminUsuario.php', 'A', 1, 1),
(5, 1, 30, 'Cambiar clave', 'adminUsuarioPassword.php', 'A', 1, 1),
(6, 1, 40, 'Noti mail', 'toolMailer.php', 'A', 1, 1),
(7, 5, 1, 'Ventas', 'mntFacturaBuscar.php', 'A', 1, 1),
(8, 4, 10, 'Resultados', 'labResultadoBuscar.php', 'A', 1, 1),
(9, 6, 5, 'Manual del usuario', 'public/docs/manual_del_usuario.pdf', 'A', 1, 1);

-- --------------------------------------------------------

--
-- Estructura de tabla para la tabla `menut`
--

CREATE TABLE IF NOT EXISTS `menut` (
  `id_mt` int(2) NOT NULL,
  `id_ms` int(2) DEFAULT NULL,
  `ordent` int(2) DEFAULT NULL,
  `menut` varchar(100) DEFAULT NULL,
  `url` varchar(100) DEFAULT NULL,
  `estado` varchar(1) DEFAULT NULL,
  `readonly` int(1) DEFAULT NULL,
  `readwrite` int(1) DEFAULT NULL
) ENGINE=MyISAM DEFAULT CHARSET=latin1;

-- --------------------------------------------------------

--
-- Estructura de tabla para la tabla `mnt_paciente`
--

CREATE TABLE IF NOT EXISTS `mnt_paciente` (
`id` int(10) NOT NULL,
  `registro` varchar(25) DEFAULT NULL,
  `nombres` varchar(25) NOT NULL,
  `apellidos` varchar(25) NOT NULL,
  `edad` int(3) NOT NULL,
  `fecnac` date NOT NULL,
  `id_sexo` int(1) NOT NULL,
  `direccion` varchar(50) DEFAULT NULL,
  `telefono` varchar(10) DEFAULT NULL,
  `id_empresa` int(4) NOT NULL,
  `activo` float DEFAULT NULL
) ENGINE=InnoDB AUTO_INCREMENT=3 DEFAULT CHARSET=latin1;

--
-- Volcado de datos para la tabla `mnt_paciente`
--

INSERT INTO `mnt_paciente` (`id`, `registro`, `nombres`, `apellidos`, `edad`, `fecnac`, `id_sexo`, `direccion`, `telefono`, `id_empresa`, `activo`) VALUES
(1, '1231', 'JULIO1', 'CASTILLO1', 471, '0000-00-00', 1, 'COL. 101', '67676761', 2, 1),
(2, '123', 'JULIO', 'CASTILLO', 47, '0000-00-00', 1, 'COL. 10', '6767676', 1, 1);

-- --------------------------------------------------------

--
-- Estructura de tabla para la tabla `mnt_perfil_pruebaslas`
--

CREATE TABLE IF NOT EXISTS `mnt_perfil_pruebaslas` (
  `id` int(3) DEFAULT NULL,
  `id_perfil` int(2) NOT NULL,
  `id_pruebaslab` int(4) NOT NULL
) ENGINE=InnoDB DEFAULT CHARSET=latin1;

-- --------------------------------------------------------

--
-- Estructura de tabla para la tabla `mnt_precio_tipoempresa_pruebaslab`
--

CREATE TABLE IF NOT EXISTS `mnt_precio_tipoempresa_pruebaslab` (
`id` int(4) NOT NULL,
  `id_tipoempresa` int(3) NOT NULL,
  `id_pruebaslab` int(4) NOT NULL,
  `precio` decimal(8,2) DEFAULT NULL
) ENGINE=InnoDB AUTO_INCREMENT=196 DEFAULT CHARSET=latin1;

--
-- Volcado de datos para la tabla `mnt_precio_tipoempresa_pruebaslab`
--

INSERT INTO `mnt_precio_tipoempresa_pruebaslab` (`id`, `id_tipoempresa`, `id_pruebaslab`, `precio`) VALUES
(1, 1, 1, 7.05),
(2, 1, 2, 13.00),
(3, 1, 3, 13.00),
(4, 1, 4, 13.00),
(5, 1, 5, 13.00),
(6, 1, 6, 13.00),
(7, 1, 7, 13.00),
(8, 1, 8, 18.15),
(9, 1, 9, 13.00),
(10, 1, 10, 13.00),
(11, 1, 11, 7.55),
(12, 1, 12, 13.00),
(13, 1, 13, 26.00),
(14, 1, 14, 13.00),
(15, 1, 15, 13.00),
(16, 1, 16, 7.15),
(17, 1, 17, 7.55),
(18, 1, 18, 26.00),
(19, 1, 19, 7.55),
(20, 1, 20, 13.00),
(21, 1, 21, 13.00),
(22, 1, 22, 7.05),
(23, 1, 23, 26.00),
(24, 1, 24, 7.55),
(25, 1, 25, 13.00),
(26, 1, 26, 13.00),
(27, 1, 27, 32.85),
(28, 1, 28, 43.65),
(29, 1, 29, 23.90),
(30, 1, 30, 32.00),
(31, 1, 31, 56.95),
(32, 1, 32, 23.90),
(33, 1, 33, 13.00),
(34, 1, 34, 13.00),
(35, 1, 35, 56.35),
(36, 1, 36, 41.00),
(37, 1, 37, 46.75),
(38, 1, 38, 13.00),
(39, 1, 39, 45.75),
(40, 1, 40, 45.88),
(41, 1, 41, 36.00),
(42, 1, 42, 48.00),
(43, 1, 43, 48.00),
(44, 1, 44, 35.29),
(45, 1, 45, 35.00),
(46, 1, 46, 38.00),
(47, 1, 47, 13.00),
(48, 1, 48, 43.65),
(49, 1, 49, 39.00),
(50, 1, 50, 14.85),
(51, 1, 51, 4.15),
(52, 1, 52, 6.05),
(53, 1, 53, 48.00),
(54, 1, 54, 5.00),
(55, 1, 55, 4.15),
(56, 1, 56, 9.20),
(57, 1, 57, 4.55),
(58, 1, 58, 36.00),
(59, 1, 59, 4.15),
(60, 1, 60, 8.45),
(61, 1, 61, 3.55),
(62, 1, 62, 33.70),
(63, 1, 63, 6.05),
(64, 1, 64, 11.60),
(65, 1, 65, 45.00),
(66, 1, 66, 33.15),
(67, 1, 67, 33.15),
(68, 1, 68, 87.00),
(69, 1, 69, 36.80),
(70, 1, 70, 11.55),
(71, 1, 71, 30.00),
(72, 1, 72, 38.14),
(73, 1, 73, 9.10),
(74, 1, 74, 28.80),
(75, 1, 75, 36.55),
(76, 1, 76, 38.75),
(77, 1, 77, 19.90),
(78, 1, 78, 38.00),
(79, 1, 79, 29.90),
(80, 1, 80, 35.29),
(81, 1, 81, 13.00),
(82, 1, 82, 25.12),
(83, 1, 83, 38.00),
(84, 1, 84, 43.70),
(85, 1, 85, 43.50),
(86, 1, 86, 29.25),
(87, 1, 87, 41.00),
(88, 1, 88, 9.10),
(89, 1, 89, 29.15),
(90, 1, 90, 26.00),
(91, 1, 91, 9.10),
(92, 1, 92, 35.00),
(93, 1, 93, 37.00),
(94, 1, 94, 41.00),
(95, 1, 95, 39.00),
(96, 1, 96, 9.00),
(97, 1, 97, 9.10),
(98, 1, 98, 36.00),
(99, 1, 99, 39.00),
(100, 1, 100, 51.00),
(101, 1, 101, 4.15),
(102, 1, 102, 13.00),
(103, 1, 103, 13.00),
(104, 1, 104, 13.00),
(105, 1, 105, 21.00),
(106, 1, 106, 13.00),
(107, 1, 107, 46.75),
(108, 1, 108, 26.00),
(109, 1, 109, 26.00),
(110, 1, 110, 7.95),
(111, 1, 111, 8.55),
(112, 1, 112, 9.55),
(113, 1, 113, 13.00),
(114, 1, 114, 13.00),
(115, 1, 115, 41.00),
(116, 1, 116, 26.71),
(117, 1, 117, 13.00),
(118, 1, 118, 13.00),
(119, 1, 119, 5.55),
(120, 1, 120, 8.55),
(121, 1, 121, 9.20),
(122, 1, 122, 8.55),
(123, 1, 123, 8.55),
(124, 1, 124, 13.00),
(125, 1, 125, 10.15),
(126, 1, 126, 10.15),
(127, 1, 127, 22.75),
(128, 1, 128, 5.55),
(129, 1, 129, 8.55),
(130, 1, 130, 6.05),
(131, 1, 131, 6.05),
(132, 1, 132, 6.05),
(133, 1, 133, 6.05),
(134, 1, 134, 13.00),
(135, 1, 135, 13.00),
(136, 1, 136, 10.20),
(137, 1, 137, 11.25),
(138, 1, 138, 45.75),
(139, 1, 139, 13.00),
(140, 1, 140, 19.75),
(141, 1, 141, 9.20),
(142, 1, 142, 11.00),
(143, 1, 143, 21.71),
(144, 1, 144, 8.55),
(145, 1, 145, 8.55),
(146, 1, 146, 8.55),
(147, 1, 147, 8.55),
(148, 1, 148, 8.55),
(149, 1, 149, 21.00),
(150, 1, 150, 16.00),
(151, 1, 151, 9.20),
(152, 1, 152, 31.00),
(153, 1, 153, 31.00),
(154, 1, 154, 13.00),
(155, 1, 155, 5.55),
(156, 1, 156, 6.05),
(157, 1, 157, 11.55),
(158, 1, 158, 30.00),
(159, 1, 159, 17.35),
(160, 1, 160, 25.00),
(161, 1, 161, 6.05),
(162, 1, 162, 31.00),
(163, 1, 163, 31.00),
(164, 1, 164, 11.55),
(165, 1, 165, 26.00),
(166, 1, 166, 11.55),
(167, 1, 167, 27.00),
(168, 1, 168, 7.05),
(169, 1, 169, 9.20),
(170, 1, 170, 9.20),
(171, 1, 171, 10.20),
(172, 1, 172, 6.55),
(173, 1, 173, 8.55),
(174, 1, 174, 5.55),
(175, 1, 175, 6.05),
(176, 1, 176, 5.57),
(177, 1, 177, 6.05),
(178, 1, 178, 5.00),
(179, 1, 179, 5.55),
(180, 1, 180, 26.00),
(181, 1, 181, 8.55),
(182, 1, 182, 8.55),
(183, 1, 183, 4.15),
(184, 1, 184, 8.55),
(185, 1, 185, 6.50),
(186, 1, 186, 6.50),
(187, 1, 187, 6.55),
(188, 1, 188, 6.55),
(189, 1, 189, 9.20),
(190, 1, 190, 38.00),
(191, 1, 191, 57.00),
(192, 1, 192, 39.00),
(193, 1, 193, 13.00),
(194, 1, 194, 13.00),
(195, 1, 195, 48.00);

-- --------------------------------------------------------

--
-- Estructura de tabla para la tabla `tool_mailer`
--

CREATE TABLE IF NOT EXISTS `tool_mailer` (
`id` int(11) NOT NULL,
  `fecha` datetime NOT NULL,
  `id_usuario` int(11) NOT NULL,
  `mensaje` tinytext NOT NULL,
  `activo` float DEFAULT NULL
) ENGINE=InnoDB AUTO_INCREMENT=4 DEFAULT CHARSET=latin1;

--
-- Volcado de datos para la tabla `tool_mailer`
--

INSERT INTO `tool_mailer` (`id`, `fecha`, `id_usuario`, `mensaje`, `activo`) VALUES
(1, '2018-07-06 09:58:40', 1, '', 1),
(2, '2018-07-06 10:03:06', 1, '                                        \r\n                                    hola', 1),
(3, '2018-07-06 10:18:30', 1, 'error en plantilla', 0);

--
-- Índices para tablas volcadas
--

--
-- Indices de la tabla `ctl_arealab`
--
ALTER TABLE `ctl_arealab`
 ADD PRIMARY KEY (`id`);

--
-- Indices de la tabla `ctl_cargo`
--
ALTER TABLE `ctl_cargo`
 ADD PRIMARY KEY (`id`);

--
-- Indices de la tabla `ctl_catalogos`
--
ALTER TABLE `ctl_catalogos`
 ADD PRIMARY KEY (`id`);

--
-- Indices de la tabla `ctl_condicionpago`
--
ALTER TABLE `ctl_condicionpago`
 ADD PRIMARY KEY (`id`);

--
-- Indices de la tabla `ctl_departamento`
--
ALTER TABLE `ctl_departamento`
 ADD PRIMARY KEY (`id`);

--
-- Indices de la tabla `ctl_elemento`
--
ALTER TABLE `ctl_elemento`
 ADD PRIMARY KEY (`id`);

--
-- Indices de la tabla `ctl_empleado`
--
ALTER TABLE `ctl_empleado`
 ADD PRIMARY KEY (`id`);

--
-- Indices de la tabla `ctl_empresa`
--
ALTER TABLE `ctl_empresa`
 ADD PRIMARY KEY (`id`);

--
-- Indices de la tabla `ctl_estadofactura`
--
ALTER TABLE `ctl_estadofactura`
 ADD PRIMARY KEY (`id`);

--
-- Indices de la tabla `ctl_estadosolicitud`
--
ALTER TABLE `ctl_estadosolicitud`
 ADD PRIMARY KEY (`id`);

--
-- Indices de la tabla `ctl_formatosalida`
--
ALTER TABLE `ctl_formatosalida`
 ADD PRIMARY KEY (`id`);

--
-- Indices de la tabla `ctl_grupoedad`
--
ALTER TABLE `ctl_grupoedad`
 ADD PRIMARY KEY (`id`);

--
-- Indices de la tabla `ctl_lugarentrega`
--
ALTER TABLE `ctl_lugarentrega`
 ADD PRIMARY KEY (`id`);

--
-- Indices de la tabla `ctl_medico`
--
ALTER TABLE `ctl_medico`
 ADD PRIMARY KEY (`id`);

--
-- Indices de la tabla `ctl_municipio`
--
ALTER TABLE `ctl_municipio`
 ADD PRIMARY KEY (`id`), ADD KEY `fk_departamento_municipio` (`id_departamento`);

--
-- Indices de la tabla `ctl_perfil`
--
ALTER TABLE `ctl_perfil`
 ADD PRIMARY KEY (`id`);

--
-- Indices de la tabla `ctl_procedencia`
--
ALTER TABLE `ctl_procedencia`
 ADD PRIMARY KEY (`id`);

--
-- Indices de la tabla `ctl_pruebaslab`
--
ALTER TABLE `ctl_pruebaslab`
 ADD PRIMARY KEY (`id`);

--
-- Indices de la tabla `ctl_rol`
--
ALTER TABLE `ctl_rol`
 ADD PRIMARY KEY (`id`);

--
-- Indices de la tabla `ctl_servicio`
--
ALTER TABLE `ctl_servicio`
 ADD PRIMARY KEY (`id`);

--
-- Indices de la tabla `ctl_sexo`
--
ALTER TABLE `ctl_sexo`
 ADD PRIMARY KEY (`id`);

--
-- Indices de la tabla `ctl_tipocomprobante`
--
ALTER TABLE `ctl_tipocomprobante`
 ADD PRIMARY KEY (`id`);

--
-- Indices de la tabla `ctl_tipoempresa`
--
ALTER TABLE `ctl_tipoempresa`
 ADD PRIMARY KEY (`id`);

--
-- Indices de la tabla `ctl_tipomuestra`
--
ALTER TABLE `ctl_tipomuestra`
 ADD PRIMARY KEY (`id`);

--
-- Indices de la tabla `ctl_usuario`
--
ALTER TABLE `ctl_usuario`
 ADD PRIMARY KEY (`id`), ADD UNIQUE KEY `usuario_login` (`usuario_login`);

--
-- Indices de la tabla `ctl_zona`
--
ALTER TABLE `ctl_zona`
 ADD PRIMARY KEY (`id`);

--
-- Indices de la tabla `fac_detallefactura`
--
ALTER TABLE `fac_detallefactura`
 ADD PRIMARY KEY (`id`);

--
-- Indices de la tabla `fac_factura`
--
ALTER TABLE `fac_factura`
 ADD PRIMARY KEY (`id`);

--
-- Indices de la tabla `lab_detallesolicitud`
--
ALTER TABLE `lab_detallesolicitud`
 ADD PRIMARY KEY (`id`), ADD UNIQUE KEY `id_solicitud` (`id_solicitud`,`id_pruebaslab`);

--
-- Indices de la tabla `lab_resultado`
--
ALTER TABLE `lab_resultado`
 ADD PRIMARY KEY (`id`), ADD UNIQUE KEY `id_detallesolicitud` (`id_detallesolicitud`,`id_elemento`), ADD KEY `fk_detallesolicitud_resultado` (`id_detallesolicitud`), ADD KEY `fk_resultadoprueba_resultado` (`id_elemento`), ADD KEY `fk_usuario_resultado_userADD` (`user_add`), ADD KEY `fk_usuario_resultado_usermod` (`user_mod`);

--
-- Indices de la tabla `lab_solicitud`
--
ALTER TABLE `lab_solicitud`
 ADD PRIMARY KEY (`id`);

--
-- Indices de la tabla `menuc`
--
ALTER TABLE `menuc`
 ADD PRIMARY KEY (`id_mc`);

--
-- Indices de la tabla `menup`
--
ALTER TABLE `menup`
 ADD PRIMARY KEY (`id_mp`);

--
-- Indices de la tabla `menus`
--
ALTER TABLE `menus`
 ADD PRIMARY KEY (`id_ms`);

--
-- Indices de la tabla `menut`
--
ALTER TABLE `menut`
 ADD PRIMARY KEY (`id_mt`);

--
-- Indices de la tabla `mnt_paciente`
--
ALTER TABLE `mnt_paciente`
 ADD PRIMARY KEY (`id`);

--
-- Indices de la tabla `mnt_perfil_pruebaslas`
--
ALTER TABLE `mnt_perfil_pruebaslas`
 ADD KEY `fk_perfil_perfil_pruebaslab` (`id_perfil`), ADD KEY `fk_pruebaslab_perfil_pruebaslab` (`id_pruebaslab`);

--
-- Indices de la tabla `mnt_precio_tipoempresa_pruebaslab`
--
ALTER TABLE `mnt_precio_tipoempresa_pruebaslab`
 ADD PRIMARY KEY (`id`), ADD UNIQUE KEY `id_tipoempresa` (`id_tipoempresa`,`id_pruebaslab`);

--
-- Indices de la tabla `tool_mailer`
--
ALTER TABLE `tool_mailer`
 ADD PRIMARY KEY (`id`);

--
-- AUTO_INCREMENT de las tablas volcadas
--

--
-- AUTO_INCREMENT de la tabla `ctl_arealab`
--
ALTER TABLE `ctl_arealab`
MODIFY `id` int(2) NOT NULL AUTO_INCREMENT,AUTO_INCREMENT=10;
--
-- AUTO_INCREMENT de la tabla `ctl_cargo`
--
ALTER TABLE `ctl_cargo`
MODIFY `id` int(2) NOT NULL AUTO_INCREMENT,AUTO_INCREMENT=5;
--
-- AUTO_INCREMENT de la tabla `ctl_catalogos`
--
ALTER TABLE `ctl_catalogos`
MODIFY `id` int(3) NOT NULL AUTO_INCREMENT,AUTO_INCREMENT=13;
--
-- AUTO_INCREMENT de la tabla `ctl_condicionpago`
--
ALTER TABLE `ctl_condicionpago`
MODIFY `id` int(2) NOT NULL AUTO_INCREMENT,AUTO_INCREMENT=3;
--
-- AUTO_INCREMENT de la tabla `ctl_departamento`
--
ALTER TABLE `ctl_departamento`
MODIFY `id` int(2) NOT NULL AUTO_INCREMENT,AUTO_INCREMENT=15;
--
-- AUTO_INCREMENT de la tabla `ctl_elemento`
--
ALTER TABLE `ctl_elemento`
MODIFY `id` int(5) NOT NULL AUTO_INCREMENT,AUTO_INCREMENT=8;
--
-- AUTO_INCREMENT de la tabla `ctl_empleado`
--
ALTER TABLE `ctl_empleado`
MODIFY `id` int(3) NOT NULL AUTO_INCREMENT,AUTO_INCREMENT=4;
--
-- AUTO_INCREMENT de la tabla `ctl_empresa`
--
ALTER TABLE `ctl_empresa`
MODIFY `id` int(4) NOT NULL AUTO_INCREMENT,AUTO_INCREMENT=3;
--
-- AUTO_INCREMENT de la tabla `ctl_estadofactura`
--
ALTER TABLE `ctl_estadofactura`
MODIFY `id` int(2) NOT NULL AUTO_INCREMENT;
--
-- AUTO_INCREMENT de la tabla `ctl_estadosolicitud`
--
ALTER TABLE `ctl_estadosolicitud`
MODIFY `id` int(2) NOT NULL AUTO_INCREMENT,AUTO_INCREMENT=4;
--
-- AUTO_INCREMENT de la tabla `ctl_formatosalida`
--
ALTER TABLE `ctl_formatosalida`
MODIFY `id` int(2) NOT NULL AUTO_INCREMENT,AUTO_INCREMENT=5;
--
-- AUTO_INCREMENT de la tabla `ctl_grupoedad`
--
ALTER TABLE `ctl_grupoedad`
MODIFY `id` int(2) NOT NULL AUTO_INCREMENT,AUTO_INCREMENT=2;
--
-- AUTO_INCREMENT de la tabla `ctl_lugarentrega`
--
ALTER TABLE `ctl_lugarentrega`
MODIFY `id` int(2) NOT NULL AUTO_INCREMENT,AUTO_INCREMENT=3;
--
-- AUTO_INCREMENT de la tabla `ctl_medico`
--
ALTER TABLE `ctl_medico`
MODIFY `id` int(4) NOT NULL AUTO_INCREMENT,AUTO_INCREMENT=2;
--
-- AUTO_INCREMENT de la tabla `ctl_municipio`
--
ALTER TABLE `ctl_municipio`
MODIFY `id` int(2) NOT NULL AUTO_INCREMENT,AUTO_INCREMENT=263;
--
-- AUTO_INCREMENT de la tabla `ctl_perfil`
--
ALTER TABLE `ctl_perfil`
MODIFY `id` int(2) NOT NULL AUTO_INCREMENT,AUTO_INCREMENT=4;
--
-- AUTO_INCREMENT de la tabla `ctl_procedencia`
--
ALTER TABLE `ctl_procedencia`
MODIFY `id` int(3) NOT NULL AUTO_INCREMENT,AUTO_INCREMENT=2;
--
-- AUTO_INCREMENT de la tabla `ctl_pruebaslab`
--
ALTER TABLE `ctl_pruebaslab`
MODIFY `id` int(4) NOT NULL AUTO_INCREMENT,AUTO_INCREMENT=196;
--
-- AUTO_INCREMENT de la tabla `ctl_rol`
--
ALTER TABLE `ctl_rol`
MODIFY `id` int(2) NOT NULL AUTO_INCREMENT,AUTO_INCREMENT=5;
--
-- AUTO_INCREMENT de la tabla `ctl_servicio`
--
ALTER TABLE `ctl_servicio`
MODIFY `id` int(3) NOT NULL AUTO_INCREMENT,AUTO_INCREMENT=2;
--
-- AUTO_INCREMENT de la tabla `ctl_sexo`
--
ALTER TABLE `ctl_sexo`
MODIFY `id` int(1) NOT NULL AUTO_INCREMENT,AUTO_INCREMENT=3;
--
-- AUTO_INCREMENT de la tabla `ctl_tipocomprobante`
--
ALTER TABLE `ctl_tipocomprobante`
MODIFY `id` int(2) NOT NULL AUTO_INCREMENT,AUTO_INCREMENT=3;
--
-- AUTO_INCREMENT de la tabla `ctl_tipoempresa`
--
ALTER TABLE `ctl_tipoempresa`
MODIFY `id` int(3) NOT NULL AUTO_INCREMENT,AUTO_INCREMENT=25;
--
-- AUTO_INCREMENT de la tabla `ctl_usuario`
--
ALTER TABLE `ctl_usuario`
MODIFY `id` int(11) NOT NULL AUTO_INCREMENT,AUTO_INCREMENT=10;
--
-- AUTO_INCREMENT de la tabla `ctl_zona`
--
ALTER TABLE `ctl_zona`
MODIFY `id` int(2) NOT NULL AUTO_INCREMENT,AUTO_INCREMENT=4;
--
-- AUTO_INCREMENT de la tabla `lab_detallesolicitud`
--
ALTER TABLE `lab_detallesolicitud`
MODIFY `id` int(11) NOT NULL AUTO_INCREMENT,AUTO_INCREMENT=2;
--
-- AUTO_INCREMENT de la tabla `lab_resultado`
--
ALTER TABLE `lab_resultado`
MODIFY `id` int(11) NOT NULL AUTO_INCREMENT,AUTO_INCREMENT=6;
--
-- AUTO_INCREMENT de la tabla `lab_solicitud`
--
ALTER TABLE `lab_solicitud`
MODIFY `id` int(11) NOT NULL AUTO_INCREMENT,AUTO_INCREMENT=2;
--
-- AUTO_INCREMENT de la tabla `menup`
--
ALTER TABLE `menup`
MODIFY `id_mp` int(2) NOT NULL AUTO_INCREMENT,AUTO_INCREMENT=7;
--
-- AUTO_INCREMENT de la tabla `menus`
--
ALTER TABLE `menus`
MODIFY `id_ms` int(2) NOT NULL AUTO_INCREMENT,AUTO_INCREMENT=10;
--
-- AUTO_INCREMENT de la tabla `mnt_paciente`
--
ALTER TABLE `mnt_paciente`
MODIFY `id` int(10) NOT NULL AUTO_INCREMENT,AUTO_INCREMENT=3;
--
-- AUTO_INCREMENT de la tabla `mnt_precio_tipoempresa_pruebaslab`
--
ALTER TABLE `mnt_precio_tipoempresa_pruebaslab`
MODIFY `id` int(4) NOT NULL AUTO_INCREMENT,AUTO_INCREMENT=196;
--
-- AUTO_INCREMENT de la tabla `tool_mailer`
--
ALTER TABLE `tool_mailer`
MODIFY `id` int(11) NOT NULL AUTO_INCREMENT,AUTO_INCREMENT=4;
--
-- Restricciones para tablas volcadas
--

--
-- Filtros para la tabla `lab_resultado`
--
ALTER TABLE `lab_resultado`
ADD CONSTRAINT `fk_usuario_resultado_userADD` FOREIGN KEY (`user_add`) REFERENCES `ctl_usuario` (`id`),
ADD CONSTRAINT `fk_usuario_resultado_usermod` FOREIGN KEY (`user_mod`) REFERENCES `ctl_usuario` (`id`);

/*!40101 SET CHARACTER_SET_CLIENT=@OLD_CHARACTER_SET_CLIENT */;
/*!40101 SET CHARACTER_SET_RESULTS=@OLD_CHARACTER_SET_RESULTS */;
/*!40101 SET COLLATION_CONNECTION=@OLD_COLLATION_CONNECTION */;
